prompt,completion,q1,q2,q1_example_answers,target_answer
"You are the impostor in a category game.
You will be given your category (Q2) and a few example answers from the visible category (Q1).
Give exactly one short concrete answer that fits Q2 and is as similar as possible to the Q1 example answers.
Only output the answer. Do not explain.

Q2 category: bird
Example answers from Q1: chimpanzee, tiger

Answer:",swan,animal,bird,"['chimpanzee', 'tiger']",swan
"You are the impostor in a category game.
You will be given your category (Q2) and a few example answers from the visible category (Q1).
Give exactly one short concrete answer that fits Q2 and is as similar as possible to the Q1 example answers.
Only output the answer. Do not explain.

Q2 category: bird
Example answers from Q1: mouse, fox

Answer:",goose,animal,bird,"['mouse', 'fox']",goose
"You are the impostor in a category game.
You will be given your category (Q2) and a few example answers from the visible category (Q1).
Give exactly one short concrete answer that fits Q2 and is as similar as possible to the Q1 example answers.
Only output the answer. Do not explain.

Q2 category: bird
Example answers from Q1: lizard, camel

Answer:",penguin,animal,bird,"['lizard', 'camel']",penguin
"You are the impostor in a category game.
You will be given your category (Q2) and a few example answers from the visible category (Q1).
Give exactly one short concrete answer that fits Q2 and is as similar as possible to the Q1 example answers.
Only output the answer. Do not explain.

Q2 category: bird
Example answers from Q1: sheep, polar bear

Answer:",eagle,animal,bird,"['sheep', 'polar bear']",eagle
"You are the impostor in a category game.
You will be given your category (Q2) and a few example answers from the visible category (Q1).
Give exactly one short concrete answer that fits Q2 and is as similar as possible to the Q1 example answers.
Only output the answer. Do not explain.

Q2 category: bird
Example answers from Q1: cow, guinea pig

Answer:",goose,animal,bird,"['cow', 'guinea pig']",goose
"You are the impostor in a category game.
You will be given your category (Q2) and a few example answers from the visible category (Q1).
Give exactly one short concrete answer that fits Q2 and is as similar as possible to the Q1 example answers.
Only output the answer. Do not explain.

Q2 category: farm animal
Example answers from Q1: ferret, tiger

Answer:",rabbit,animal,farm animal,"['ferret', 'tiger']",rabbit
"You are the impostor in a category game.
You will be given your category (Q2) and a few example answers from the visible category (Q1).
Give exactly one short concrete answer that fits Q2 and is as similar as possible to the Q1 example answers.
Only output the answer. Do not explain.

Q2 category: farm animal
Example answers from Q1: chimpanzee, kangaroo

Answer:",cat,animal,farm animal,"['chimpanzee', 'kangaroo']",cat
"You are the impostor in a category game.
You will be given your category (Q2) and a few example answers from the visible category (Q1).
Give exactly one short concrete answer that fits Q2 and is as similar as possible to the Q1 example answers.
Only output the answer. Do not explain.

Q2 category: farm animal
Example answers from Q1: ant, human

Answer:",chicken,animal,farm animal,"['ant', 'human']",chicken
"You are the impostor in a category game.
You will be given your category (Q2) and a few example answers from the visible category (Q1).
Give exactly one short concrete answer that fits Q2 and is as similar as possible to the Q1 example answers.
Only output the answer. Do not explain.

Q2 category: farm animal
Example answers from Q1: ferret, swan

Answer:",donkey,animal,farm animal,"['ferret', 'swan']",donkey
"You are the impostor in a category game.
You will be given your category (Q2) and a few example answers from the visible category (Q1).
Give exactly one short concrete answer that fits Q2 and is as similar as possible to the Q1 example answers.
Only output the answer. Do not explain.

Q2 category: farm animal
Example answers from Q1: bat, hedgehog

Answer:",horse,animal,farm animal,"['bat', 'hedgehog']",horse
"You are the impostor in a category game.
You will be given your category (Q2) and a few example answers from the visible category (Q1).
Give exactly one short concrete answer that fits Q2 and is as similar as possible to the Q1 example answers.
Only output the answer. Do not explain.

Q2 category: meat
Example answers from Q1: bat, sheep

Answer:",duck,animal,meat,"['bat', 'sheep']",duck
"You are the impostor in a category game.
You will be given your category (Q2) and a few example answers from the visible category (Q1).
Give exactly one short concrete answer that fits Q2 and is as similar as possible to the Q1 example answers.
Only output the answer. Do not explain.

Q2 category: meat
Example answers from Q1: gerbil, tiger

Answer:",rabbit,animal,meat,"['gerbil', 'tiger']",rabbit
"You are the impostor in a category game.
You will be given your category (Q2) and a few example answers from the visible category (Q1).
Give exactly one short concrete answer that fits Q2 and is as similar as possible to the Q1 example answers.
Only output the answer. Do not explain.

Q2 category: meat
Example answers from Q1: ant, leopard

Answer:",frog,animal,meat,"['ant', 'leopard']",frog
"You are the impostor in a category game.
You will be given your category (Q2) and a few example answers from the visible category (Q1).
Give exactly one short concrete answer that fits Q2 and is as similar as possible to the Q1 example answers.
Only output the answer. Do not explain.

Q2 category: meat
Example answers from Q1: leopard, camel

Answer:",deer,animal,meat,"['leopard', 'camel']",deer
"You are the impostor in a category game.
You will be given your category (Q2) and a few example answers from the visible category (Q1).
Give exactly one short concrete answer that fits Q2 and is as similar as possible to the Q1 example answers.
Only output the answer. Do not explain.

Q2 category: meat
Example answers from Q1: antelope, hamster

Answer:",rabbit,animal,meat,"['antelope', 'hamster']",rabbit
"You are the impostor in a category game.
You will be given your category (Q2) and a few example answers from the visible category (Q1).
Give exactly one short concrete answer that fits Q2 and is as similar as possible to the Q1 example answers.
Only output the answer. Do not explain.

Q2 category: water bird
Example answers from Q1: cat, flamingo

Answer:",swan,animal,water bird,"['cat', 'flamingo']",swan
"You are the impostor in a category game.
You will be given your category (Q2) and a few example answers from the visible category (Q1).
Give exactly one short concrete answer that fits Q2 and is as similar as possible to the Q1 example answers.
Only output the answer. Do not explain.

Q2 category: water bird
Example answers from Q1: antelope, ant

Answer:",duck,animal,water bird,"['antelope', 'ant']",duck
"You are the impostor in a category game.
You will be given your category (Q2) and a few example answers from the visible category (Q1).
Give exactly one short concrete answer that fits Q2 and is as similar as possible to the Q1 example answers.
Only output the answer. Do not explain.

Q2 category: water bird
Example answers from Q1: whale, fish

Answer:",penguin,animal,water bird,"['whale', 'fish']",penguin
"You are the impostor in a category game.
You will be given your category (Q2) and a few example answers from the visible category (Q1).
Give exactly one short concrete answer that fits Q2 and is as similar as possible to the Q1 example answers.
Only output the answer. Do not explain.

Q2 category: water bird
Example answers from Q1: hedgehog, human

Answer:",goose,animal,water bird,"['hedgehog', 'human']",goose
"You are the impostor in a category game.
You will be given your category (Q2) and a few example answers from the visible category (Q1).
Give exactly one short concrete answer that fits Q2 and is as similar as possible to the Q1 example answers.
Only output the answer. Do not explain.

Q2 category: water bird
Example answers from Q1: raccoon, gazelle

Answer:",duck,animal,water bird,"['raccoon', 'gazelle']",duck
"You are the impostor in a category game.
You will be given your category (Q2) and a few example answers from the visible category (Q1).
Give exactly one short concrete answer that fits Q2 and is as similar as possible to the Q1 example answers.
Only output the answer. Do not explain.

Q2 category: living room furniture
Example answers from Q1: bath, sink

Answer:",cupboard,bathroom fixture,living room furniture,"['bath', 'sink']",cupboard
"You are the impostor in a category game.
You will be given your category (Q2) and a few example answers from the visible category (Q1).
Give exactly one short concrete answer that fits Q2 and is as similar as possible to the Q1 example answers.
Only output the answer. Do not explain.

Q2 category: living room furniture
Example answers from Q1: radiator, sink

Answer:",cupboard,bathroom fixture,living room furniture,"['radiator', 'sink']",cupboard
"You are the impostor in a category game.
You will be given your category (Q2) and a few example answers from the visible category (Q1).
Give exactly one short concrete answer that fits Q2 and is as similar as possible to the Q1 example answers.
Only output the answer. Do not explain.

Q2 category: living room furniture
Example answers from Q1: blind, bath

Answer:",cupboard,bathroom fixture,living room furniture,"['blind', 'bath']",cupboard
"You are the impostor in a category game.
You will be given your category (Q2) and a few example answers from the visible category (Q1).
Give exactly one short concrete answer that fits Q2 and is as similar as possible to the Q1 example answers.
Only output the answer. Do not explain.

Q2 category: living room furniture
Example answers from Q1: cabinet, blind

Answer:",mirror,bathroom fixture,living room furniture,"['cabinet', 'blind']",mirror
"You are the impostor in a category game.
You will be given your category (Q2) and a few example answers from the visible category (Q1).
Give exactly one short concrete answer that fits Q2 and is as similar as possible to the Q1 example answers.
Only output the answer. Do not explain.

Q2 category: living room furniture
Example answers from Q1: radiator, towel rail

Answer:",mirror,bathroom fixture,living room furniture,"['radiator', 'towel rail']",mirror
"You are the impostor in a category game.
You will be given your category (Q2) and a few example answers from the visible category (Q1).
Give exactly one short concrete answer that fits Q2 and is as similar as possible to the Q1 example answers.
Only output the answer. Do not explain.

Q2 category: bird of prey
Example answers from Q1: turkey, owl

Answer:",seagull,bird,bird of prey,"['turkey', 'owl']",seagull
"You are the impostor in a category game.
You will be given your category (Q2) and a few example answers from the visible category (Q1).
Give exactly one short concrete answer that fits Q2 and is as similar as possible to the Q1 example answers.
Only output the answer. Do not explain.

Q2 category: bird of prey
Example answers from Q1: swan, chicken

Answer:",owl,bird,bird of prey,"['swan', 'chicken']",owl
"You are the impostor in a category game.
You will be given your category (Q2) and a few example answers from the visible category (Q1).
Give exactly one short concrete answer that fits Q2 and is as similar as possible to the Q1 example answers.
Only output the answer. Do not explain.

Q2 category: bird of prey
Example answers from Q1: magpie, seagull

Answer:",eagle,bird,bird of prey,"['magpie', 'seagull']",eagle
"You are the impostor in a category game.
You will be given your category (Q2) and a few example answers from the visible category (Q1).
Give exactly one short concrete answer that fits Q2 and is as similar as possible to the Q1 example answers.
Only output the answer. Do not explain.

Q2 category: bird of prey
Example answers from Q1: owl, gannet

Answer:",owl,bird,bird of prey,"['owl', 'gannet']",owl
"You are the impostor in a category game.
You will be given your category (Q2) and a few example answers from the visible category (Q1).
Give exactly one short concrete answer that fits Q2 and is as similar as possible to the Q1 example answers.
Only output the answer. Do not explain.

Q2 category: bird of prey
Example answers from Q1: finch, chicken

Answer:",hawk,bird,bird of prey,"['finch', 'chicken']",hawk
"You are the impostor in a category game.
You will be given your category (Q2) and a few example answers from the visible category (Q1).
Give exactly one short concrete answer that fits Q2 and is as similar as possible to the Q1 example answers.
Only output the answer. Do not explain.

Q2 category: farm animal
Example answers from Q1: bluebird, jackdaw

Answer:",chicken,bird,farm animal,"['bluebird', 'jackdaw']",chicken
"You are the impostor in a category game.
You will be given your category (Q2) and a few example answers from the visible category (Q1).
Give exactly one short concrete answer that fits Q2 and is as similar as possible to the Q1 example answers.
Only output the answer. Do not explain.

Q2 category: farm animal
Example answers from Q1: hawk, magpie

Answer:",turkey,bird,farm animal,"['hawk', 'magpie']",turkey
"You are the impostor in a category game.
You will be given your category (Q2) and a few example answers from the visible category (Q1).
Give exactly one short concrete answer that fits Q2 and is as similar as possible to the Q1 example answers.
Only output the answer. Do not explain.

Q2 category: farm animal
Example answers from Q1: canary, great tit

Answer:",duck,bird,farm animal,"['canary', 'great tit']",duck
"You are the impostor in a category game.
You will be given your category (Q2) and a few example answers from the visible category (Q1).
Give exactly one short concrete answer that fits Q2 and is as similar as possible to the Q1 example answers.
Only output the answer. Do not explain.

Q2 category: farm animal
Example answers from Q1: robin, chicken

Answer:",duck,bird,farm animal,"['robin', 'chicken']",duck
"You are the impostor in a category game.
You will be given your category (Q2) and a few example answers from the visible category (Q1).
Give exactly one short concrete answer that fits Q2 and is as similar as possible to the Q1 example answers.
Only output the answer. Do not explain.

Q2 category: farm animal
Example answers from Q1: woodpecker, ostrich

Answer:",turkey,bird,farm animal,"['woodpecker', 'ostrich']",turkey
"You are the impostor in a category game.
You will be given your category (Q2) and a few example answers from the visible category (Q1).
Give exactly one short concrete answer that fits Q2 and is as similar as possible to the Q1 example answers.
Only output the answer. Do not explain.

Q2 category: meat
Example answers from Q1: turkey, ostrich

Answer:",ostrich,bird,meat,"['turkey', 'ostrich']",ostrich
"You are the impostor in a category game.
You will be given your category (Q2) and a few example answers from the visible category (Q1).
Give exactly one short concrete answer that fits Q2 and is as similar as possible to the Q1 example answers.
Only output the answer. Do not explain.

Q2 category: meat
Example answers from Q1: ostrich, gannet

Answer:",turkey,bird,meat,"['ostrich', 'gannet']",turkey
"You are the impostor in a category game.
You will be given your category (Q2) and a few example answers from the visible category (Q1).
Give exactly one short concrete answer that fits Q2 and is as similar as possible to the Q1 example answers.
Only output the answer. Do not explain.

Q2 category: meat
Example answers from Q1: robin, chicken

Answer:",chicken,bird,meat,"['robin', 'chicken']",chicken
"You are the impostor in a category game.
You will be given your category (Q2) and a few example answers from the visible category (Q1).
Give exactly one short concrete answer that fits Q2 and is as similar as possible to the Q1 example answers.
Only output the answer. Do not explain.

Q2 category: meat
Example answers from Q1: canary, hummingbird

Answer:",chicken,bird,meat,"['canary', 'hummingbird']",chicken
"You are the impostor in a category game.
You will be given your category (Q2) and a few example answers from the visible category (Q1).
Give exactly one short concrete answer that fits Q2 and is as similar as possible to the Q1 example answers.
Only output the answer. Do not explain.

Q2 category: meat
Example answers from Q1: raven, woodpecker

Answer:",chicken,bird,meat,"['raven', 'woodpecker']",chicken
"You are the impostor in a category game.
You will be given your category (Q2) and a few example answers from the visible category (Q1).
Give exactly one short concrete answer that fits Q2 and is as similar as possible to the Q1 example answers.
Only output the answer. Do not explain.

Q2 category: water bird
Example answers from Q1: budgie, magpie

Answer:",swan,bird,water bird,"['budgie', 'magpie']",swan
"You are the impostor in a category game.
You will be given your category (Q2) and a few example answers from the visible category (Q1).
Give exactly one short concrete answer that fits Q2 and is as similar as possible to the Q1 example answers.
Only output the answer. Do not explain.

Q2 category: water bird
Example answers from Q1: hawk, goose

Answer:",penguin,bird,water bird,"['hawk', 'goose']",penguin
"You are the impostor in a category game.
You will be given your category (Q2) and a few example answers from the visible category (Q1).
Give exactly one short concrete answer that fits Q2 and is as similar as possible to the Q1 example answers.
Only output the answer. Do not explain.

Q2 category: water bird
Example answers from Q1: swan, woodpecker

Answer:",flamingo,bird,water bird,"['swan', 'woodpecker']",flamingo
"You are the impostor in a category game.
You will be given your category (Q2) and a few example answers from the visible category (Q1).
Give exactly one short concrete answer that fits Q2 and is as similar as possible to the Q1 example answers.
Only output the answer. Do not explain.

Q2 category: water bird
Example answers from Q1: parrot, vulture

Answer:",seagull,bird,water bird,"['parrot', 'vulture']",seagull
"You are the impostor in a category game.
You will be given your category (Q2) and a few example answers from the visible category (Q1).
Give exactly one short concrete answer that fits Q2 and is as similar as possible to the Q1 example answers.
Only output the answer. Do not explain.

Q2 category: water bird
Example answers from Q1: wagtail, swallow

Answer:",seagull,bird,water bird,"['wagtail', 'swallow']",seagull
"You are the impostor in a category game.
You will be given your category (Q2) and a few example answers from the visible category (Q1).
Give exactly one short concrete answer that fits Q2 and is as similar as possible to the Q1 example answers.
Only output the answer. Do not explain.

Q2 category: natural landform
Example answers from Q1: swimming pool, pacific ocean

Answer:",lake,body of water,natural landform,"['swimming pool', 'pacific ocean']",lake
"You are the impostor in a category game.
You will be given your category (Q2) and a few example answers from the visible category (Q1).
Give exactly one short concrete answer that fits Q2 and is as similar as possible to the Q1 example answers.
Only output the answer. Do not explain.

Q2 category: natural landform
Example answers from Q1: atlantic ocean, canal

Answer:",lake,body of water,natural landform,"['atlantic ocean', 'canal']",lake
"You are the impostor in a category game.
You will be given your category (Q2) and a few example answers from the visible category (Q1).
Give exactly one short concrete answer that fits Q2 and is as similar as possible to the Q1 example answers.
Only output the answer. Do not explain.

Q2 category: natural landform
Example answers from Q1: canal, pacific ocean

Answer:",river,body of water,natural landform,"['canal', 'pacific ocean']",river
"You are the impostor in a category game.
You will be given your category (Q2) and a few example answers from the visible category (Q1).
Give exactly one short concrete answer that fits Q2 and is as similar as possible to the Q1 example answers.
Only output the answer. Do not explain.

Q2 category: natural landform
Example answers from Q1: pool, atlantic ocean

Answer:",lake,body of water,natural landform,"['pool', 'atlantic ocean']",lake
"You are the impostor in a category game.
You will be given your category (Q2) and a few example answers from the visible category (Q1).
Give exactly one short concrete answer that fits Q2 and is as similar as possible to the Q1 example answers.
Only output the answer. Do not explain.

Q2 category: natural landform
Example answers from Q1: pool, swamp

Answer:",river,body of water,natural landform,"['pool', 'swamp']",river
"You are the impostor in a category game.
You will be given your category (Q2) and a few example answers from the visible category (Q1).
Give exactly one short concrete answer that fits Q2 and is as similar as possible to the Q1 example answers.
Only output the answer. Do not explain.

Q2 category: human dwelling
Example answers from Q1: synagogue, shed

Answer:",mansion,building,human dwelling,"['synagogue', 'shed']",mansion
"You are the impostor in a category game.
You will be given your category (Q2) and a few example answers from the visible category (Q1).
Give exactly one short concrete answer that fits Q2 and is as similar as possible to the Q1 example answers.
Only output the answer. Do not explain.

Q2 category: human dwelling
Example answers from Q1: train station, cathedral

Answer:",apartment,building,human dwelling,"['train station', 'cathedral']",apartment
"You are the impostor in a category game.
You will be given your category (Q2) and a few example answers from the visible category (Q1).
Give exactly one short concrete answer that fits Q2 and is as similar as possible to the Q1 example answers.
Only output the answer. Do not explain.

Q2 category: human dwelling
Example answers from Q1: apartment, library

Answer:",castle,building,human dwelling,"['apartment', 'library']",castle
"You are the impostor in a category game.
You will be given your category (Q2) and a few example answers from the visible category (Q1).
Give exactly one short concrete answer that fits Q2 and is as similar as possible to the Q1 example answers.
Only output the answer. Do not explain.

Q2 category: human dwelling
Example answers from Q1: school, mansion

Answer:",cottage,building,human dwelling,"['school', 'mansion']",cottage
"You are the impostor in a category game.
You will be given your category (Q2) and a few example answers from the visible category (Q1).
Give exactly one short concrete answer that fits Q2 and is as similar as possible to the Q1 example answers.
Only output the answer. Do not explain.

Q2 category: human dwelling
Example answers from Q1: restaurant, dentist

Answer:",cottage,building,human dwelling,"['restaurant', 'dentist']",cottage
"You are the impostor in a category game.
You will be given your category (Q2) and a few example answers from the visible category (Q1).
Give exactly one short concrete answer that fits Q2 and is as similar as possible to the Q1 example answers.
Only output the answer. Do not explain.

Q2 category: religious building
Example answers from Q1: tower, factory

Answer:",church,building,religious building,"['tower', 'factory']",church
"You are the impostor in a category game.
You will be given your category (Q2) and a few example answers from the visible category (Q1).
Give exactly one short concrete answer that fits Q2 and is as similar as possible to the Q1 example answers.
Only output the answer. Do not explain.

Q2 category: religious building
Example answers from Q1: cinema, bungalow

Answer:",church,building,religious building,"['cinema', 'bungalow']",church
"You are the impostor in a category game.
You will be given your category (Q2) and a few example answers from the visible category (Q1).
Give exactly one short concrete answer that fits Q2 and is as similar as possible to the Q1 example answers.
Only output the answer. Do not explain.

Q2 category: religious building
Example answers from Q1: cathedral, chalet

Answer:",cathedral,building,religious building,"['cathedral', 'chalet']",cathedral
"You are the impostor in a category game.
You will be given your category (Q2) and a few example answers from the visible category (Q1).
Give exactly one short concrete answer that fits Q2 and is as similar as possible to the Q1 example answers.
Only output the answer. Do not explain.

Q2 category: religious building
Example answers from Q1: offices, dentist

Answer:",mosque,building,religious building,"['offices', 'dentist']",mosque
"You are the impostor in a category game.
You will be given your category (Q2) and a few example answers from the visible category (Q1).
Give exactly one short concrete answer that fits Q2 and is as similar as possible to the Q1 example answers.
Only output the answer. Do not explain.

Q2 category: religious building
Example answers from Q1: library, shop

Answer:",church,building,religious building,"['library', 'shop']",church
"You are the impostor in a category game.
You will be given your category (Q2) and a few example answers from the visible category (Q1).
Give exactly one short concrete answer that fits Q2 and is as similar as possible to the Q1 example answers.
Only output the answer. Do not explain.

Q2 category: carpenter's tool
Example answers from Q1: concrete, tiles

Answer:",wood,building material,carpenter's tool,"['concrete', 'tiles']",wood
"You are the impostor in a category game.
You will be given your category (Q2) and a few example answers from the visible category (Q1).
Give exactly one short concrete answer that fits Q2 and is as similar as possible to the Q1 example answers.
Only output the answer. Do not explain.

Q2 category: carpenter's tool
Example answers from Q1: insulation, timber

Answer:",nails,building material,carpenter's tool,"['insulation', 'timber']",nails
"You are the impostor in a category game.
You will be given your category (Q2) and a few example answers from the visible category (Q1).
Give exactly one short concrete answer that fits Q2 and is as similar as possible to the Q1 example answers.
Only output the answer. Do not explain.

Q2 category: carpenter's tool
Example answers from Q1: stone, bamboo

Answer:",hammer,building material,carpenter's tool,"['stone', 'bamboo']",hammer
"You are the impostor in a category game.
You will be given your category (Q2) and a few example answers from the visible category (Q1).
Give exactly one short concrete answer that fits Q2 and is as similar as possible to the Q1 example answers.
Only output the answer. Do not explain.

Q2 category: carpenter's tool
Example answers from Q1: nails, bamboo

Answer:",nails,building material,carpenter's tool,"['nails', 'bamboo']",nails
"You are the impostor in a category game.
You will be given your category (Q2) and a few example answers from the visible category (Q1).
Give exactly one short concrete answer that fits Q2 and is as similar as possible to the Q1 example answers.
Only output the answer. Do not explain.

Q2 category: carpenter's tool
Example answers from Q1: insulation, mortar

Answer:",hammer,building material,carpenter's tool,"['insulation', 'mortar']",hammer
"You are the impostor in a category game.
You will be given your category (Q2) and a few example answers from the visible category (Q1).
Give exactly one short concrete answer that fits Q2 and is as similar as possible to the Q1 example answers.
Only output the answer. Do not explain.

Q2 category: part of a building
Example answers from Q1: bricks, blocks

Answer:",bricks,building material,part of a building,"['bricks', 'blocks']",bricks
"You are the impostor in a category game.
You will be given your category (Q2) and a few example answers from the visible category (Q1).
Give exactly one short concrete answer that fits Q2 and is as similar as possible to the Q1 example answers.
Only output the answer. Do not explain.

Q2 category: part of a building
Example answers from Q1: metal, plaster

Answer:",bricks,building material,part of a building,"['metal', 'plaster']",bricks
"You are the impostor in a category game.
You will be given your category (Q2) and a few example answers from the visible category (Q1).
Give exactly one short concrete answer that fits Q2 and is as similar as possible to the Q1 example answers.
Only output the answer. Do not explain.

Q2 category: part of a building
Example answers from Q1: concrete, mortar

Answer:",tiles,building material,part of a building,"['concrete', 'mortar']",tiles
"You are the impostor in a category game.
You will be given your category (Q2) and a few example answers from the visible category (Q1).
Give exactly one short concrete answer that fits Q2 and is as similar as possible to the Q1 example answers.
Only output the answer. Do not explain.

Q2 category: part of a building
Example answers from Q1: metal, steel

Answer:",plaster,building material,part of a building,"['metal', 'steel']",plaster
"You are the impostor in a category game.
You will be given your category (Q2) and a few example answers from the visible category (Q1).
Give exactly one short concrete answer that fits Q2 and is as similar as possible to the Q1 example answers.
Only output the answer. Do not explain.

Q2 category: part of a building
Example answers from Q1: plastic, insulation

Answer:",plaster,building material,part of a building,"['plastic', 'insulation']",plaster
"You are the impostor in a category game.
You will be given your category (Q2) and a few example answers from the visible category (Q1).
Give exactly one short concrete answer that fits Q2 and is as similar as possible to the Q1 example answers.
Only output the answer. Do not explain.

Q2 category: tool
Example answers from Q1: hammer, blocks

Answer:",hammer,building material,tool,"['hammer', 'blocks']",hammer
"You are the impostor in a category game.
You will be given your category (Q2) and a few example answers from the visible category (Q1).
Give exactly one short concrete answer that fits Q2 and is as similar as possible to the Q1 example answers.
Only output the answer. Do not explain.

Q2 category: tool
Example answers from Q1: bamboo, timber

Answer:",nails,building material,tool,"['bamboo', 'timber']",nails
"You are the impostor in a category game.
You will be given your category (Q2) and a few example answers from the visible category (Q1).
Give exactly one short concrete answer that fits Q2 and is as similar as possible to the Q1 example answers.
Only output the answer. Do not explain.

Q2 category: tool
Example answers from Q1: cement, metal

Answer:",hammer,building material,tool,"['cement', 'metal']",hammer
"You are the impostor in a category game.
You will be given your category (Q2) and a few example answers from the visible category (Q1).
Give exactly one short concrete answer that fits Q2 and is as similar as possible to the Q1 example answers.
Only output the answer. Do not explain.

Q2 category: tool
Example answers from Q1: concrete, bricks

Answer:",nails,building material,tool,"['concrete', 'bricks']",nails
"You are the impostor in a category game.
You will be given your category (Q2) and a few example answers from the visible category (Q1).
Give exactly one short concrete answer that fits Q2 and is as similar as possible to the Q1 example answers.
Only output the answer. Do not explain.

Q2 category: tool
Example answers from Q1: concrete, glass

Answer:",hammer,building material,tool,"['concrete', 'glass']",hammer
"You are the impostor in a category game.
You will be given your category (Q2) and a few example answers from the visible category (Q1).
Give exactly one short concrete answer that fits Q2 and is as similar as possible to the Q1 example answers.
Only output the answer. Do not explain.

Q2 category: gardening tool
Example answers from Q1: tape measure, ruler

Answer:",saw,carpenter's tool,gardening tool,"['tape measure', 'ruler']",saw
"You are the impostor in a category game.
You will be given your category (Q2) and a few example answers from the visible category (Q1).
Give exactly one short concrete answer that fits Q2 and is as similar as possible to the Q1 example answers.
Only output the answer. Do not explain.

Q2 category: gardening tool
Example answers from Q1: chainsaw, ruler

Answer:",chainsaw,carpenter's tool,gardening tool,"['chainsaw', 'ruler']",chainsaw
"You are the impostor in a category game.
You will be given your category (Q2) and a few example answers from the visible category (Q1).
Give exactly one short concrete answer that fits Q2 and is as similar as possible to the Q1 example answers.
Only output the answer. Do not explain.

Q2 category: gardening tool
Example answers from Q1: spirit level, screwdriver

Answer:",chainsaw,carpenter's tool,gardening tool,"['spirit level', 'screwdriver']",chainsaw
"You are the impostor in a category game.
You will be given your category (Q2) and a few example answers from the visible category (Q1).
Give exactly one short concrete answer that fits Q2 and is as similar as possible to the Q1 example answers.
Only output the answer. Do not explain.

Q2 category: gardening tool
Example answers from Q1: tape measure, saw

Answer:",chainsaw,carpenter's tool,gardening tool,"['tape measure', 'saw']",chainsaw
"You are the impostor in a category game.
You will be given your category (Q2) and a few example answers from the visible category (Q1).
Give exactly one short concrete answer that fits Q2 and is as similar as possible to the Q1 example answers.
Only output the answer. Do not explain.

Q2 category: gardening tool
Example answers from Q1: pliers, hammer

Answer:",saw,carpenter's tool,gardening tool,"['pliers', 'hammer']",saw
"You are the impostor in a category game.
You will be given your category (Q2) and a few example answers from the visible category (Q1).
Give exactly one short concrete answer that fits Q2 and is as similar as possible to the Q1 example answers.
Only output the answer. Do not explain.

Q2 category: tool
Example answers from Q1: spirit level, spanner

Answer:",spanner,carpenter's tool,tool,"['spirit level', 'spanner']",spanner
"You are the impostor in a category game.
You will be given your category (Q2) and a few example answers from the visible category (Q1).
Give exactly one short concrete answer that fits Q2 and is as similar as possible to the Q1 example answers.
Only output the answer. Do not explain.

Q2 category: tool
Example answers from Q1: pliers, hammer

Answer:",screwdriver,carpenter's tool,tool,"['pliers', 'hammer']",screwdriver
"You are the impostor in a category game.
You will be given your category (Q2) and a few example answers from the visible category (Q1).
Give exactly one short concrete answer that fits Q2 and is as similar as possible to the Q1 example answers.
Only output the answer. Do not explain.

Q2 category: tool
Example answers from Q1: chisel, drill

Answer:",nails,carpenter's tool,tool,"['chisel', 'drill']",nails
"You are the impostor in a category game.
You will be given your category (Q2) and a few example answers from the visible category (Q1).
Give exactly one short concrete answer that fits Q2 and is as similar as possible to the Q1 example answers.
Only output the answer. Do not explain.

Q2 category: tool
Example answers from Q1: screwdriver, pliers

Answer:",knife,carpenter's tool,tool,"['screwdriver', 'pliers']",knife
"You are the impostor in a category game.
You will be given your category (Q2) and a few example answers from the visible category (Q1).
Give exactly one short concrete answer that fits Q2 and is as similar as possible to the Q1 example answers.
Only output the answer. Do not explain.

Q2 category: tool
Example answers from Q1: tape measure, wood

Answer:",chisel,carpenter's tool,tool,"['tape measure', 'wood']",chisel
"You are the impostor in a category game.
You will be given your category (Q2) and a few example answers from the visible category (Q1).
Give exactly one short concrete answer that fits Q2 and is as similar as possible to the Q1 example answers.
Only output the answer. Do not explain.

Q2 category: weapon
Example answers from Q1: chisel, file

Answer:",hammer,carpenter's tool,weapon,"['chisel', 'file']",hammer
"You are the impostor in a category game.
You will be given your category (Q2) and a few example answers from the visible category (Q1).
Give exactly one short concrete answer that fits Q2 and is as similar as possible to the Q1 example answers.
Only output the answer. Do not explain.

Q2 category: weapon
Example answers from Q1: ruler, chainsaw

Answer:",knife,carpenter's tool,weapon,"['ruler', 'chainsaw']",knife
"You are the impostor in a category game.
You will be given your category (Q2) and a few example answers from the visible category (Q1).
Give exactly one short concrete answer that fits Q2 and is as similar as possible to the Q1 example answers.
Only output the answer. Do not explain.

Q2 category: weapon
Example answers from Q1: chainsaw, spanner

Answer:",knife,carpenter's tool,weapon,"['chainsaw', 'spanner']",knife
"You are the impostor in a category game.
You will be given your category (Q2) and a few example answers from the visible category (Q1).
Give exactly one short concrete answer that fits Q2 and is as similar as possible to the Q1 example answers.
Only output the answer. Do not explain.

Q2 category: weapon
Example answers from Q1: pliers, spanner

Answer:",hammer,carpenter's tool,weapon,"['pliers', 'spanner']",hammer
"You are the impostor in a category game.
You will be given your category (Q2) and a few example answers from the visible category (Q1).
Give exactly one short concrete answer that fits Q2 and is as similar as possible to the Q1 example answers.
Only output the answer. Do not explain.

Q2 category: weapon
Example answers from Q1: knife, tape measure

Answer:",knife,carpenter's tool,weapon,"['knife', 'tape measure']",knife
"You are the impostor in a category game.
You will be given your category (Q2) and a few example answers from the visible category (Q1).
Give exactly one short concrete answer that fits Q2 and is as similar as possible to the Q1 example answers.
Only output the answer. Do not explain.

Q2 category: metal
Example answers from Q1: boron, chlorine

Answer:",cobalt,chemical element,metal,"['boron', 'chlorine']",cobalt
"You are the impostor in a category game.
You will be given your category (Q2) and a few example answers from the visible category (Q1).
Give exactly one short concrete answer that fits Q2 and is as similar as possible to the Q1 example answers.
Only output the answer. Do not explain.

Q2 category: metal
Example answers from Q1: carbon, magnesium

Answer:",sodium,chemical element,metal,"['carbon', 'magnesium']",sodium
"You are the impostor in a category game.
You will be given your category (Q2) and a few example answers from the visible category (Q1).
Give exactly one short concrete answer that fits Q2 and is as similar as possible to the Q1 example answers.
Only output the answer. Do not explain.

Q2 category: metal
Example answers from Q1: nitrogen, calcium

Answer:",silver,chemical element,metal,"['nitrogen', 'calcium']",silver
"You are the impostor in a category game.
You will be given your category (Q2) and a few example answers from the visible category (Q1).
Give exactly one short concrete answer that fits Q2 and is as similar as possible to the Q1 example answers.
Only output the answer. Do not explain.

Q2 category: metal
Example answers from Q1: nitrogen, boron

Answer:",sodium,chemical element,metal,"['nitrogen', 'boron']",sodium
"You are the impostor in a category game.
You will be given your category (Q2) and a few example answers from the visible category (Q1).
Give exactly one short concrete answer that fits Q2 and is as similar as possible to the Q1 example answers.
Only output the answer. Do not explain.

Q2 category: metal
Example answers from Q1: sulphur, selenium

Answer:",copper,chemical element,metal,"['sulphur', 'selenium']",copper
"You are the impostor in a category game.
You will be given your category (Q2) and a few example answers from the visible category (Q1).
Give exactly one short concrete answer that fits Q2 and is as similar as possible to the Q1 example answers.
Only output the answer. Do not explain.

Q2 category: hair colour
Example answers from Q1: gold, maroon

Answer:",yellow,colour,hair colour,"['gold', 'maroon']",yellow
"You are the impostor in a category game.
You will be given your category (Q2) and a few example answers from the visible category (Q1).
Give exactly one short concrete answer that fits Q2 and is as similar as possible to the Q1 example answers.
Only output the answer. Do not explain.

Q2 category: hair colour
Example answers from Q1: magenta, brown

Answer:",pink,colour,hair colour,"['magenta', 'brown']",pink
"You are the impostor in a category game.
You will be given your category (Q2) and a few example answers from the visible category (Q1).
Give exactly one short concrete answer that fits Q2 and is as similar as possible to the Q1 example answers.
Only output the answer. Do not explain.

Q2 category: hair colour
Example answers from Q1: orange, silver

Answer:",silver,colour,hair colour,"['orange', 'silver']",silver
"You are the impostor in a category game.
You will be given your category (Q2) and a few example answers from the visible category (Q1).
Give exactly one short concrete answer that fits Q2 and is as similar as possible to the Q1 example answers.
Only output the answer. Do not explain.

Q2 category: hair colour
Example answers from Q1: burgundy, lilac

Answer:",silver,colour,hair colour,"['burgundy', 'lilac']",silver
"You are the impostor in a category game.
You will be given your category (Q2) and a few example answers from the visible category (Q1).
Give exactly one short concrete answer that fits Q2 and is as similar as possible to the Q1 example answers.
Only output the answer. Do not explain.

Q2 category: hair colour
Example answers from Q1: orange, burgundy

Answer:",yellow,colour,hair colour,"['orange', 'burgundy']",yellow
"You are the impostor in a category game.
You will be given your category (Q2) and a few example answers from the visible category (Q1).
Give exactly one short concrete answer that fits Q2 and is as similar as possible to the Q1 example answers.
Only output the answer. Do not explain.

Q2 category: metal
Example answers from Q1: silver, grey

Answer:",gold,colour,metal,"['silver', 'grey']",gold
"You are the impostor in a category game.
You will be given your category (Q2) and a few example answers from the visible category (Q1).
Give exactly one short concrete answer that fits Q2 and is as similar as possible to the Q1 example answers.
Only output the answer. Do not explain.

Q2 category: metal
Example answers from Q1: orange, turquoise

Answer:",silver,colour,metal,"['orange', 'turquoise']",silver
"You are the impostor in a category game.
You will be given your category (Q2) and a few example answers from the visible category (Q1).
Give exactly one short concrete answer that fits Q2 and is as similar as possible to the Q1 example answers.
Only output the answer. Do not explain.

Q2 category: metal
Example answers from Q1: maroon, green

Answer:",silver,colour,metal,"['maroon', 'green']",silver
"You are the impostor in a category game.
You will be given your category (Q2) and a few example answers from the visible category (Q1).
Give exactly one short concrete answer that fits Q2 and is as similar as possible to the Q1 example answers.
Only output the answer. Do not explain.

Q2 category: metal
Example answers from Q1: blue, silver

Answer:",gold,colour,metal,"['blue', 'silver']",gold
"You are the impostor in a category game.
You will be given your category (Q2) and a few example answers from the visible category (Q1).
Give exactly one short concrete answer that fits Q2 and is as similar as possible to the Q1 example answers.
Only output the answer. Do not explain.

Q2 category: metal
Example answers from Q1: black, brown

Answer:",silver,colour,metal,"['black', 'brown']",silver
"You are the impostor in a category game.
You will be given your category (Q2) and a few example answers from the visible category (Q1).
Give exactly one short concrete answer that fits Q2 and is as similar as possible to the Q1 example answers.
Only output the answer. Do not explain.

Q2 category: four-legged animal
Example answers from Q1: cat, lamb

Answer:",donkey,farm animal,four-legged animal,"['cat', 'lamb']",donkey
"You are the impostor in a category game.
You will be given your category (Q2) and a few example answers from the visible category (Q1).
Give exactly one short concrete answer that fits Q2 and is as similar as possible to the Q1 example answers.
Only output the answer. Do not explain.

Q2 category: four-legged animal
Example answers from Q1: hen, lamb

Answer:",pig,farm animal,four-legged animal,"['hen', 'lamb']",pig
"You are the impostor in a category game.
You will be given your category (Q2) and a few example answers from the visible category (Q1).
Give exactly one short concrete answer that fits Q2 and is as similar as possible to the Q1 example answers.
Only output the answer. Do not explain.

Q2 category: four-legged animal
Example answers from Q1: pig, cow

Answer:",horse,farm animal,four-legged animal,"['pig', 'cow']",horse
"You are the impostor in a category game.
You will be given your category (Q2) and a few example answers from the visible category (Q1).
Give exactly one short concrete answer that fits Q2 and is as similar as possible to the Q1 example answers.
Only output the answer. Do not explain.

Q2 category: four-legged animal
Example answers from Q1: sheepdog, sheep

Answer:",goat,farm animal,four-legged animal,"['sheepdog', 'sheep']",goat
"You are the impostor in a category game.
You will be given your category (Q2) and a few example answers from the visible category (Q1).
Give exactly one short concrete answer that fits Q2 and is as similar as possible to the Q1 example answers.
Only output the answer. Do not explain.

Q2 category: four-legged animal
Example answers from Q1: dog, sheepdog

Answer:",pig,farm animal,four-legged animal,"['dog', 'sheepdog']",pig
"You are the impostor in a category game.
You will be given your category (Q2) and a few example answers from the visible category (Q1).
Give exactly one short concrete answer that fits Q2 and is as similar as possible to the Q1 example answers.
Only output the answer. Do not explain.

Q2 category: meat
Example answers from Q1: hen, lamb

Answer:",lamb,farm animal,meat,"['hen', 'lamb']",lamb
"You are the impostor in a category game.
You will be given your category (Q2) and a few example answers from the visible category (Q1).
Give exactly one short concrete answer that fits Q2 and is as similar as possible to the Q1 example answers.
Only output the answer. Do not explain.

Q2 category: meat
Example answers from Q1: llama, chicken

Answer:",lamb,farm animal,meat,"['llama', 'chicken']",lamb
"You are the impostor in a category game.
You will be given your category (Q2) and a few example answers from the visible category (Q1).
Give exactly one short concrete answer that fits Q2 and is as similar as possible to the Q1 example answers.
Only output the answer. Do not explain.

Q2 category: meat
Example answers from Q1: chicken, geese

Answer:",lamb,farm animal,meat,"['chicken', 'geese']",lamb
"You are the impostor in a category game.
You will be given your category (Q2) and a few example answers from the visible category (Q1).
Give exactly one short concrete answer that fits Q2 and is as similar as possible to the Q1 example answers.
Only output the answer. Do not explain.

Q2 category: meat
Example answers from Q1: bull, sheep

Answer:",rabbit,farm animal,meat,"['bull', 'sheep']",rabbit
"You are the impostor in a category game.
You will be given your category (Q2) and a few example answers from the visible category (Q1).
Give exactly one short concrete answer that fits Q2 and is as similar as possible to the Q1 example answers.
Only output the answer. Do not explain.

Q2 category: meat
Example answers from Q1: hen, duck

Answer:",turkey,farm animal,meat,"['hen', 'duck']",turkey
"You are the impostor in a category game.
You will be given your category (Q2) and a few example answers from the visible category (Q1).
Give exactly one short concrete answer that fits Q2 and is as similar as possible to the Q1 example answers.
Only output the answer. Do not explain.

Q2 category: meat
Example answers from Q1: cow, mouse

Answer:",rabbit,four-legged animal,meat,"['cow', 'mouse']",rabbit
"You are the impostor in a category game.
You will be given your category (Q2) and a few example answers from the visible category (Q1).
Give exactly one short concrete answer that fits Q2 and is as similar as possible to the Q1 example answers.
Only output the answer. Do not explain.

Q2 category: meat
Example answers from Q1: lion, leopard

Answer:",rabbit,four-legged animal,meat,"['lion', 'leopard']",rabbit
"You are the impostor in a category game.
You will be given your category (Q2) and a few example answers from the visible category (Q1).
Give exactly one short concrete answer that fits Q2 and is as similar as possible to the Q1 example answers.
Only output the answer. Do not explain.

Q2 category: meat
Example answers from Q1: antelope, tiger

Answer:",crocodile,four-legged animal,meat,"['antelope', 'tiger']",crocodile
"You are the impostor in a category game.
You will be given your category (Q2) and a few example answers from the visible category (Q1).
Give exactly one short concrete answer that fits Q2 and is as similar as possible to the Q1 example answers.
Only output the answer. Do not explain.

Q2 category: meat
Example answers from Q1: sheep, mouse

Answer:",deer,four-legged animal,meat,"['sheep', 'mouse']",deer
"You are the impostor in a category game.
You will be given your category (Q2) and a few example answers from the visible category (Q1).
Give exactly one short concrete answer that fits Q2 and is as similar as possible to the Q1 example answers.
Only output the answer. Do not explain.

Q2 category: meat
Example answers from Q1: reindeer, antelope

Answer:",frog,four-legged animal,meat,"['reindeer', 'antelope']",frog
"You are the impostor in a category game.
You will be given your category (Q2) and a few example answers from the visible category (Q1).
Give exactly one short concrete answer that fits Q2 and is as similar as possible to the Q1 example answers.
Only output the answer. Do not explain.

Q2 category: rodent
Example answers from Q1: guinea pig, giraffe

Answer:",guinea pig,four-legged animal,rodent,"['guinea pig', 'giraffe']",guinea pig
"You are the impostor in a category game.
You will be given your category (Q2) and a few example answers from the visible category (Q1).
Give exactly one short concrete answer that fits Q2 and is as similar as possible to the Q1 example answers.
Only output the answer. Do not explain.

Q2 category: rodent
Example answers from Q1: bear, donkey

Answer:",mouse,four-legged animal,rodent,"['bear', 'donkey']",mouse
"You are the impostor in a category game.
You will be given your category (Q2) and a few example answers from the visible category (Q1).
Give exactly one short concrete answer that fits Q2 and is as similar as possible to the Q1 example answers.
Only output the answer. Do not explain.

Q2 category: rodent
Example answers from Q1: horse, puma

Answer:",rat,four-legged animal,rodent,"['horse', 'puma']",rat
"You are the impostor in a category game.
You will be given your category (Q2) and a few example answers from the visible category (Q1).
Give exactly one short concrete answer that fits Q2 and is as similar as possible to the Q1 example answers.
Only output the answer. Do not explain.

Q2 category: rodent
Example answers from Q1: monkey, deer

Answer:",guinea pig,four-legged animal,rodent,"['monkey', 'deer']",guinea pig
"You are the impostor in a category game.
You will be given your category (Q2) and a few example answers from the visible category (Q1).
Give exactly one short concrete answer that fits Q2 and is as similar as possible to the Q1 example answers.
Only output the answer. Do not explain.

Q2 category: rodent
Example answers from Q1: monkey, giraffe

Answer:",rat,four-legged animal,rodent,"['monkey', 'giraffe']",rat
"You are the impostor in a category game.
You will be given your category (Q2) and a few example answers from the visible category (Q1).
Give exactly one short concrete answer that fits Q2 and is as similar as possible to the Q1 example answers.
Only output the answer. Do not explain.

Q2 category: vehicle
Example answers from Q1: jeep, quad bike

Answer:",truck,four-wheeled vehicle,vehicle,"['jeep', 'quad bike']",truck
"You are the impostor in a category game.
You will be given your category (Q2) and a few example answers from the visible category (Q1).
Give exactly one short concrete answer that fits Q2 and is as similar as possible to the Q1 example answers.
Only output the answer. Do not explain.

Q2 category: vehicle
Example answers from Q1: coach, quad bike

Answer:",van,four-wheeled vehicle,vehicle,"['coach', 'quad bike']",van
"You are the impostor in a category game.
You will be given your category (Q2) and a few example answers from the visible category (Q1).
Give exactly one short concrete answer that fits Q2 and is as similar as possible to the Q1 example answers.
Only output the answer. Do not explain.

Q2 category: vehicle
Example answers from Q1: bus, gokart

Answer:",car,four-wheeled vehicle,vehicle,"['bus', 'gokart']",car
"You are the impostor in a category game.
You will be given your category (Q2) and a few example answers from the visible category (Q1).
Give exactly one short concrete answer that fits Q2 and is as similar as possible to the Q1 example answers.
Only output the answer. Do not explain.

Q2 category: vehicle
Example answers from Q1: quad bike, dune buggy

Answer:",bus,four-wheeled vehicle,vehicle,"['quad bike', 'dune buggy']",bus
"You are the impostor in a category game.
You will be given your category (Q2) and a few example answers from the visible category (Q1).
Give exactly one short concrete answer that fits Q2 and is as similar as possible to the Q1 example answers.
Only output the answer. Do not explain.

Q2 category: vehicle
Example answers from Q1: jeep, bus

Answer:",lorry,four-wheeled vehicle,vehicle,"['jeep', 'bus']",lorry
"You are the impostor in a category game.
You will be given your category (Q2) and a few example answers from the visible category (Q1).
Give exactly one short concrete answer that fits Q2 and is as similar as possible to the Q1 example answers.
Only output the answer. Do not explain.

Q2 category: living room furniture
Example answers from Q1: wardrobe, futon

Answer:",footstool,furniture,living room furniture,"['wardrobe', 'futon']",footstool
"You are the impostor in a category game.
You will be given your category (Q2) and a few example answers from the visible category (Q1).
Give exactly one short concrete answer that fits Q2 and is as similar as possible to the Q1 example answers.
Only output the answer. Do not explain.

Q2 category: living room furniture
Example answers from Q1: coffee table, fridge

Answer:",lamp,furniture,living room furniture,"['coffee table', 'fridge']",lamp
"You are the impostor in a category game.
You will be given your category (Q2) and a few example answers from the visible category (Q1).
Give exactly one short concrete answer that fits Q2 and is as similar as possible to the Q1 example answers.
Only output the answer. Do not explain.

Q2 category: living room furniture
Example answers from Q1: armchair, wardrobe

Answer:",armchair,furniture,living room furniture,"['armchair', 'wardrobe']",armchair
"You are the impostor in a category game.
You will be given your category (Q2) and a few example answers from the visible category (Q1).
Give exactly one short concrete answer that fits Q2 and is as similar as possible to the Q1 example answers.
Only output the answer. Do not explain.

Q2 category: living room furniture
Example answers from Q1: dining table, bedside table

Answer:",cupboard,furniture,living room furniture,"['dining table', 'bedside table']",cupboard
"You are the impostor in a category game.
You will be given your category (Q2) and a few example answers from the visible category (Q1).
Give exactly one short concrete answer that fits Q2 and is as similar as possible to the Q1 example answers.
Only output the answer. Do not explain.

Q2 category: living room furniture
Example answers from Q1: stool, shelves

Answer:",shelves,furniture,living room furniture,"['stool', 'shelves']",shelves
"You are the impostor in a category game.
You will be given your category (Q2) and a few example answers from the visible category (Q1).
Give exactly one short concrete answer that fits Q2 and is as similar as possible to the Q1 example answers.
Only output the answer. Do not explain.

Q2 category: tool
Example answers from Q1: rake, secateurs

Answer:",chainsaw,gardening tool,tool,"['rake', 'secateurs']",chainsaw
"You are the impostor in a category game.
You will be given your category (Q2) and a few example answers from the visible category (Q1).
Give exactly one short concrete answer that fits Q2 and is as similar as possible to the Q1 example answers.
Only output the answer. Do not explain.

Q2 category: tool
Example answers from Q1: saw, strimmer

Answer:",saw,gardening tool,tool,"['saw', 'strimmer']",saw
"You are the impostor in a category game.
You will be given your category (Q2) and a few example answers from the visible category (Q1).
Give exactly one short concrete answer that fits Q2 and is as similar as possible to the Q1 example answers.
Only output the answer. Do not explain.

Q2 category: tool
Example answers from Q1: bucket, hose

Answer:",chainsaw,gardening tool,tool,"['bucket', 'hose']",chainsaw
"You are the impostor in a category game.
You will be given your category (Q2) and a few example answers from the visible category (Q1).
Give exactly one short concrete answer that fits Q2 and is as similar as possible to the Q1 example answers.
Only output the answer. Do not explain.

Q2 category: tool
Example answers from Q1: trowel, shovel

Answer:",saw,gardening tool,tool,"['trowel', 'shovel']",saw
"You are the impostor in a category game.
You will be given your category (Q2) and a few example answers from the visible category (Q1).
Give exactly one short concrete answer that fits Q2 and is as similar as possible to the Q1 example answers.
Only output the answer. Do not explain.

Q2 category: tool
Example answers from Q1: rake, hose

Answer:",saw,gardening tool,tool,"['rake', 'hose']",saw
"You are the impostor in a category game.
You will be given your category (Q2) and a few example answers from the visible category (Q1).
Give exactly one short concrete answer that fits Q2 and is as similar as possible to the Q1 example answers.
Only output the answer. Do not explain.

Q2 category: vegetable
Example answers from Q1: mange tout, lettuce

Answer:",leek,green vegetable,vegetable,"['mange tout', 'lettuce']",leek
"You are the impostor in a category game.
You will be given your category (Q2) and a few example answers from the visible category (Q1).
Give exactly one short concrete answer that fits Q2 and is as similar as possible to the Q1 example answers.
Only output the answer. Do not explain.

Q2 category: vegetable
Example answers from Q1: spring onions, beans

Answer:",cucumber,green vegetable,vegetable,"['spring onions', 'beans']",cucumber
"You are the impostor in a category game.
You will be given your category (Q2) and a few example answers from the visible category (Q1).
Give exactly one short concrete answer that fits Q2 and is as similar as possible to the Q1 example answers.
Only output the answer. Do not explain.

Q2 category: vegetable
Example answers from Q1: brussels sprouts, cabbage

Answer:",kale,green vegetable,vegetable,"['brussels sprouts', 'cabbage']",kale
"You are the impostor in a category game.
You will be given your category (Q2) and a few example answers from the visible category (Q1).
Give exactly one short concrete answer that fits Q2 and is as similar as possible to the Q1 example answers.
Only output the answer. Do not explain.

Q2 category: vegetable
Example answers from Q1: kale, green beans

Answer:",spinach,green vegetable,vegetable,"['kale', 'green beans']",spinach
"You are the impostor in a category game.
You will be given your category (Q2) and a few example answers from the visible category (Q1).
Give exactly one short concrete answer that fits Q2 and is as similar as possible to the Q1 example answers.
Only output the answer. Do not explain.

Q2 category: vegetable
Example answers from Q1: green beans, spring onions

Answer:",mange tout,green vegetable,vegetable,"['green beans', 'spring onions']",mange tout
"You are the impostor in a category game.
You will be given your category (Q2) and a few example answers from the visible category (Q1).
Give exactly one short concrete answer that fits Q2 and is as similar as possible to the Q1 example answers.
Only output the answer. Do not explain.

Q2 category: spice
Example answers from Q1: parsley, dill

Answer:",salt,herb,spice,"['parsley', 'dill']",salt
"You are the impostor in a category game.
You will be given your category (Q2) and a few example answers from the visible category (Q1).
Give exactly one short concrete answer that fits Q2 and is as similar as possible to the Q1 example answers.
Only output the answer. Do not explain.

Q2 category: spice
Example answers from Q1: pepper, lavender

Answer:",basil,herb,spice,"['pepper', 'lavender']",basil
"You are the impostor in a category game.
You will be given your category (Q2) and a few example answers from the visible category (Q1).
Give exactly one short concrete answer that fits Q2 and is as similar as possible to the Q1 example answers.
Only output the answer. Do not explain.

Q2 category: spice
Example answers from Q1: thyme, salt

Answer:",salt,herb,spice,"['thyme', 'salt']",salt
"You are the impostor in a category game.
You will be given your category (Q2) and a few example answers from the visible category (Q1).
Give exactly one short concrete answer that fits Q2 and is as similar as possible to the Q1 example answers.
Only output the answer. Do not explain.

Q2 category: spice
Example answers from Q1: rosemary, thyme

Answer:",parsley,herb,spice,"['rosemary', 'thyme']",parsley
"You are the impostor in a category game.
You will be given your category (Q2) and a few example answers from the visible category (Q1).
Give exactly one short concrete answer that fits Q2 and is as similar as possible to the Q1 example answers.
Only output the answer. Do not explain.

Q2 category: spice
Example answers from Q1: lavender, sage

Answer:",basil,herb,spice,"['lavender', 'sage']",basil
"You are the impostor in a category game.
You will be given your category (Q2) and a few example answers from the visible category (Q1).
Give exactly one short concrete answer that fits Q2 and is as similar as possible to the Q1 example answers.
Only output the answer. Do not explain.

Q2 category: stinging insect
Example answers from Q1: millipede, wasp

Answer:",bee,insect,stinging insect,"['millipede', 'wasp']",bee
"You are the impostor in a category game.
You will be given your category (Q2) and a few example answers from the visible category (Q1).
Give exactly one short concrete answer that fits Q2 and is as similar as possible to the Q1 example answers.
Only output the answer. Do not explain.

Q2 category: stinging insect
Example answers from Q1: worm, grasshopper

Answer:",bee,insect,stinging insect,"['worm', 'grasshopper']",bee
"You are the impostor in a category game.
You will be given your category (Q2) and a few example answers from the visible category (Q1).
Give exactly one short concrete answer that fits Q2 and is as similar as possible to the Q1 example answers.
Only output the answer. Do not explain.

Q2 category: stinging insect
Example answers from Q1: butterfly, ant

Answer:",wasp,insect,stinging insect,"['butterfly', 'ant']",wasp
"You are the impostor in a category game.
You will be given your category (Q2) and a few example answers from the visible category (Q1).
Give exactly one short concrete answer that fits Q2 and is as similar as possible to the Q1 example answers.
Only output the answer. Do not explain.

Q2 category: stinging insect
Example answers from Q1: butterfly, ant

Answer:",wasp,insect,stinging insect,"['butterfly', 'ant']",wasp
"You are the impostor in a category game.
You will be given your category (Q2) and a few example answers from the visible category (Q1).
Give exactly one short concrete answer that fits Q2 and is as similar as possible to the Q1 example answers.
Only output the answer. Do not explain.

Q2 category: stinging insect
Example answers from Q1: daddy-long-legs, worm

Answer:",bee,insect,stinging insect,"['daddy-long-legs', 'worm']",bee
"You are the impostor in a category game.
You will be given your category (Q2) and a few example answers from the visible category (Q1).
Give exactly one short concrete answer that fits Q2 and is as similar as possible to the Q1 example answers.
Only output the answer. Do not explain.

Q2 category: kitchen utensil
Example answers from Q1: microwave, dishwasher

Answer:",sieve,kitchen appliance,kitchen utensil,"['microwave', 'dishwasher']",sieve
"You are the impostor in a category game.
You will be given your category (Q2) and a few example answers from the visible category (Q1).
Give exactly one short concrete answer that fits Q2 and is as similar as possible to the Q1 example answers.
Only output the answer. Do not explain.

Q2 category: kitchen utensil
Example answers from Q1: freezer, bread maker

Answer:",weighing scales,kitchen appliance,kitchen utensil,"['freezer', 'bread maker']",weighing scales
"You are the impostor in a category game.
You will be given your category (Q2) and a few example answers from the visible category (Q1).
Give exactly one short concrete answer that fits Q2 and is as similar as possible to the Q1 example answers.
Only output the answer. Do not explain.

Q2 category: kitchen utensil
Example answers from Q1: colander, spoon

Answer:",spatula,kitchen appliance,kitchen utensil,"['colander', 'spoon']",spatula
"You are the impostor in a category game.
You will be given your category (Q2) and a few example answers from the visible category (Q1).
Give exactly one short concrete answer that fits Q2 and is as similar as possible to the Q1 example answers.
Only output the answer. Do not explain.

Q2 category: kitchen utensil
Example answers from Q1: sandwich maker, kettle

Answer:",weighing scales,kitchen appliance,kitchen utensil,"['sandwich maker', 'kettle']",weighing scales
"You are the impostor in a category game.
You will be given your category (Q2) and a few example answers from the visible category (Q1).
Give exactly one short concrete answer that fits Q2 and is as similar as possible to the Q1 example answers.
Only output the answer. Do not explain.

Q2 category: kitchen utensil
Example answers from Q1: toaster, oven

Answer:",fork,kitchen appliance,kitchen utensil,"['toaster', 'oven']",fork
"You are the impostor in a category game.
You will be given your category (Q2) and a few example answers from the visible category (Q1).
Give exactly one short concrete answer that fits Q2 and is as similar as possible to the Q1 example answers.
Only output the answer. Do not explain.

Q2 category: string instrument
Example answers from Q1: harp, drums

Answer:",piano,musical instrument,string instrument,"['harp', 'drums']",piano
"You are the impostor in a category game.
You will be given your category (Q2) and a few example answers from the visible category (Q1).
Give exactly one short concrete answer that fits Q2 and is as similar as possible to the Q1 example answers.
Only output the answer. Do not explain.

Q2 category: string instrument
Example answers from Q1: harmonica, cello

Answer:",electric guitar,musical instrument,string instrument,"['harmonica', 'cello']",electric guitar
"You are the impostor in a category game.
You will be given your category (Q2) and a few example answers from the visible category (Q1).
Give exactly one short concrete answer that fits Q2 and is as similar as possible to the Q1 example answers.
Only output the answer. Do not explain.

Q2 category: string instrument
Example answers from Q1: cornet, recorder

Answer:",violin,musical instrument,string instrument,"['cornet', 'recorder']",violin
"You are the impostor in a category game.
You will be given your category (Q2) and a few example answers from the visible category (Q1).
Give exactly one short concrete answer that fits Q2 and is as similar as possible to the Q1 example answers.
Only output the answer. Do not explain.

Q2 category: string instrument
Example answers from Q1: violin, double bass

Answer:",oboe,musical instrument,string instrument,"['violin', 'double bass']",oboe
"You are the impostor in a category game.
You will be given your category (Q2) and a few example answers from the visible category (Q1).
Give exactly one short concrete answer that fits Q2 and is as similar as possible to the Q1 example answers.
Only output the answer. Do not explain.

Q2 category: string instrument
Example answers from Q1: bongos, piano

Answer:",harp,musical instrument,string instrument,"['bongos', 'piano']",harp
"You are the impostor in a category game.
You will be given your category (Q2) and a few example answers from the visible category (Q1).
Give exactly one short concrete answer that fits Q2 and is as similar as possible to the Q1 example answers.
Only output the answer. Do not explain.

Q2 category: room in a house
Example answers from Q1: outer wall, ceiling

Answer:",bathroom,part of a building,room in a house,"['outer wall', 'ceiling']",bathroom
"You are the impostor in a category game.
You will be given your category (Q2) and a few example answers from the visible category (Q1).
Give exactly one short concrete answer that fits Q2 and is as similar as possible to the Q1 example answers.
Only output the answer. Do not explain.

Q2 category: room in a house
Example answers from Q1: roof, rooms

Answer:",bathroom,part of a building,room in a house,"['roof', 'rooms']",bathroom
"You are the impostor in a category game.
You will be given your category (Q2) and a few example answers from the visible category (Q1).
Give exactly one short concrete answer that fits Q2 and is as similar as possible to the Q1 example answers.
Only output the answer. Do not explain.

Q2 category: room in a house
Example answers from Q1: roof, plaster

Answer:",attic,part of a building,room in a house,"['roof', 'plaster']",attic
"You are the impostor in a category game.
You will be given your category (Q2) and a few example answers from the visible category (Q1).
Give exactly one short concrete answer that fits Q2 and is as similar as possible to the Q1 example answers.
Only output the answer. Do not explain.

Q2 category: room in a house
Example answers from Q1: wall, tiles

Answer:",bathroom,part of a building,room in a house,"['wall', 'tiles']",bathroom
"You are the impostor in a category game.
You will be given your category (Q2) and a few example answers from the visible category (Q1).
Give exactly one short concrete answer that fits Q2 and is as similar as possible to the Q1 example answers.
Only output the answer. Do not explain.

Q2 category: room in a house
Example answers from Q1: entrance, ceiling

Answer:",bathroom,part of a building,room in a house,"['entrance', 'ceiling']",bathroom
"You are the impostor in a category game.
You will be given your category (Q2) and a few example answers from the visible category (Q1).
Give exactly one short concrete answer that fits Q2 and is as similar as possible to the Q1 example answers.
Only output the answer. Do not explain.

Q2 category: part of the face
Example answers from Q1: eyes, ribs

Answer:",nose,part of the body,part of the face,"['eyes', 'ribs']",nose
"You are the impostor in a category game.
You will be given your category (Q2) and a few example answers from the visible category (Q1).
Give exactly one short concrete answer that fits Q2 and is as similar as possible to the Q1 example answers.
Only output the answer. Do not explain.

Q2 category: part of the face
Example answers from Q1: head, tongue

Answer:",ears,part of the body,part of the face,"['head', 'tongue']",ears
"You are the impostor in a category game.
You will be given your category (Q2) and a few example answers from the visible category (Q1).
Give exactly one short concrete answer that fits Q2 and is as similar as possible to the Q1 example answers.
Only output the answer. Do not explain.

Q2 category: part of the face
Example answers from Q1: organs, ribs

Answer:",nose,part of the body,part of the face,"['organs', 'ribs']",nose
"You are the impostor in a category game.
You will be given your category (Q2) and a few example answers from the visible category (Q1).
Give exactly one short concrete answer that fits Q2 and is as similar as possible to the Q1 example answers.
Only output the answer. Do not explain.

Q2 category: part of the face
Example answers from Q1: teeth, stomach

Answer:",eyes,part of the body,part of the face,"['teeth', 'stomach']",eyes
"You are the impostor in a category game.
You will be given your category (Q2) and a few example answers from the visible category (Q1).
Give exactly one short concrete answer that fits Q2 and is as similar as possible to the Q1 example answers.
Only output the answer. Do not explain.

Q2 category: part of the face
Example answers from Q1: pelvis, shoulders

Answer:",teeth,part of the body,part of the face,"['pelvis', 'shoulders']",teeth
"You are the impostor in a category game.
You will be given your category (Q2) and a few example answers from the visible category (Q1).
Give exactly one short concrete answer that fits Q2 and is as similar as possible to the Q1 example answers.
Only output the answer. Do not explain.

Q2 category: weapon
Example answers from Q1: hacksaw, nails

Answer:",hammer,tool,weapon,"['hacksaw', 'nails']",hammer
"You are the impostor in a category game.
You will be given your category (Q2) and a few example answers from the visible category (Q1).
Give exactly one short concrete answer that fits Q2 and is as similar as possible to the Q1 example answers.
Only output the answer. Do not explain.

Q2 category: weapon
Example answers from Q1: saw, spanner

Answer:",hammer,tool,weapon,"['saw', 'spanner']",hammer
"You are the impostor in a category game.
You will be given your category (Q2) and a few example answers from the visible category (Q1).
Give exactly one short concrete answer that fits Q2 and is as similar as possible to the Q1 example answers.
Only output the answer. Do not explain.

Q2 category: weapon
Example answers from Q1: shovel, chainsaw

Answer:",crowbar,tool,weapon,"['shovel', 'chainsaw']",crowbar
"You are the impostor in a category game.
You will be given your category (Q2) and a few example answers from the visible category (Q1).
Give exactly one short concrete answer that fits Q2 and is as similar as possible to the Q1 example answers.
Only output the answer. Do not explain.

Q2 category: weapon
Example answers from Q1: crowbar, axe

Answer:",axe,tool,weapon,"['crowbar', 'axe']",axe
"You are the impostor in a category game.
You will be given your category (Q2) and a few example answers from the visible category (Q1).
Give exactly one short concrete answer that fits Q2 and is as similar as possible to the Q1 example answers.
Only output the answer. Do not explain.

Q2 category: weapon
Example answers from Q1: screws, chisel

Answer:",hammer,tool,weapon,"['screws', 'chisel']",hammer
"You are the impostor in a category game.
You will be given your category (Q2) and a few example answers from the visible category (Q1).
Give exactly one short concrete answer that fits Q2 and is as similar as possible to the Q1 example answers.
Only output the answer. Do not explain.

Q2 category: fruit tree
Example answers from Q1: chestnut, sycamore

Answer:",apple,deciduous tree,fruit tree,"['chestnut', 'sycamore']",apple
"You are the impostor in a category game.
You will be given your category (Q2) and a few example answers from the visible category (Q1).
Give exactly one short concrete answer that fits Q2 and is as similar as possible to the Q1 example answers.
Only output the answer. Do not explain.

Q2 category: fruit tree
Example answers from Q1: sycamore, beech

Answer:",pear,deciduous tree,fruit tree,"['sycamore', 'beech']",pear
"You are the impostor in a category game.
You will be given your category (Q2) and a few example answers from the visible category (Q1).
Give exactly one short concrete answer that fits Q2 and is as similar as possible to the Q1 example answers.
Only output the answer. Do not explain.

Q2 category: fruit tree
Example answers from Q1: pear, beech

Answer:",plum,deciduous tree,fruit tree,"['pear', 'beech']",plum
"You are the impostor in a category game.
You will be given your category (Q2) and a few example answers from the visible category (Q1).
Give exactly one short concrete answer that fits Q2 and is as similar as possible to the Q1 example answers.
Only output the answer. Do not explain.

Q2 category: fruit tree
Example answers from Q1: sycamore, maple

Answer:",cherry,deciduous tree,fruit tree,"['sycamore', 'maple']",cherry
"You are the impostor in a category game.
You will be given your category (Q2) and a few example answers from the visible category (Q1).
Give exactly one short concrete answer that fits Q2 and is as similar as possible to the Q1 example answers.
Only output the answer. Do not explain.

Q2 category: fruit tree
Example answers from Q1: plum, apple

Answer:",apple,deciduous tree,fruit tree,"['plum', 'apple']",apple
"You are the impostor in a category game.
You will be given your category (Q2) and a few example answers from the visible category (Q1).
Give exactly one short concrete answer that fits Q2 and is as similar as possible to the Q1 example answers.
Only output the answer. Do not explain.

Q2 category: jungle animal
Example answers from Q1: cheetah, cougar

Answer:",tiger,wild cat,jungle animal,"['cheetah', 'cougar']",tiger
"You are the impostor in a category game.
You will be given your category (Q2) and a few example answers from the visible category (Q1).
Give exactly one short concrete answer that fits Q2 and is as similar as possible to the Q1 example answers.
Only output the answer. Do not explain.

Q2 category: jungle animal
Example answers from Q1: bobcat, lion

Answer:",jaguar,wild cat,jungle animal,"['bobcat', 'lion']",jaguar
"You are the impostor in a category game.
You will be given your category (Q2) and a few example answers from the visible category (Q1).
Give exactly one short concrete answer that fits Q2 and is as similar as possible to the Q1 example answers.
Only output the answer. Do not explain.

Q2 category: jungle animal
Example answers from Q1: margay, panther

Answer:",leopard,wild cat,jungle animal,"['margay', 'panther']",leopard
"You are the impostor in a category game.
You will be given your category (Q2) and a few example answers from the visible category (Q1).
Give exactly one short concrete answer that fits Q2 and is as similar as possible to the Q1 example answers.
Only output the answer. Do not explain.

Q2 category: jungle animal
Example answers from Q1: puma, snow leopard

Answer:",panther,wild cat,jungle animal,"['puma', 'snow leopard']",panther
"You are the impostor in a category game.
You will be given your category (Q2) and a few example answers from the visible category (Q1).
Give exactly one short concrete answer that fits Q2 and is as similar as possible to the Q1 example answers.
Only output the answer. Do not explain.

Q2 category: jungle animal
Example answers from Q1: panther, bobcat

Answer:",leopard,wild cat,jungle animal,"['panther', 'bobcat']",leopard
"You are the impostor in a category game.
You will be given your category (Q2) and a few example answers from the visible category (Q1).
Give exactly one short concrete answer that fits Q2 and is as similar as possible to the Q1 example answers.
Only output the answer. Do not explain.

Q2 category: cleaning supply
Example answers from Q1: bleach, toilet paper

Answer:",plunger,bathroom item,cleaning supply,"['bleach', 'toilet paper']",plunger
"You are the impostor in a category game.
You will be given your category (Q2) and a few example answers from the visible category (Q1).
Give exactly one short concrete answer that fits Q2 and is as similar as possible to the Q1 example answers.
Only output the answer. Do not explain.

Q2 category: cleaning supply
Example answers from Q1: toothbrush, plunger

Answer:",plunger,bathroom item,cleaning supply,"['toothbrush', 'plunger']",plunger
"You are the impostor in a category game.
You will be given your category (Q2) and a few example answers from the visible category (Q1).
Give exactly one short concrete answer that fits Q2 and is as similar as possible to the Q1 example answers.
Only output the answer. Do not explain.

Q2 category: cleaning supply
Example answers from Q1: toothbrush, shampoo

Answer:",toilet brush,bathroom item,cleaning supply,"['toothbrush', 'shampoo']",toilet brush
"You are the impostor in a category game.
You will be given your category (Q2) and a few example answers from the visible category (Q1).
Give exactly one short concrete answer that fits Q2 and is as similar as possible to the Q1 example answers.
Only output the answer. Do not explain.

Q2 category: cleaning supply
Example answers from Q1: toothbrush, razor

Answer:",bleach,bathroom item,cleaning supply,"['toothbrush', 'razor']",bleach
"You are the impostor in a category game.
You will be given your category (Q2) and a few example answers from the visible category (Q1).
Give exactly one short concrete answer that fits Q2 and is as similar as possible to the Q1 example answers.
Only output the answer. Do not explain.

Q2 category: cleaning supply
Example answers from Q1: bath mat, shampoo

Answer:",bleach,bathroom item,cleaning supply,"['bath mat', 'shampoo']",bleach
"You are the impostor in a category game.
You will be given your category (Q2) and a few example answers from the visible category (Q1).
Give exactly one short concrete answer that fits Q2 and is as similar as possible to the Q1 example answers.
Only output the answer. Do not explain.

Q2 category: art supply
Example answers from Q1: colored pencil, calculator

Answer:",scissors,school supply,art supply,"['colored pencil', 'calculator']",scissors
"You are the impostor in a category game.
You will be given your category (Q2) and a few example answers from the visible category (Q1).
Give exactly one short concrete answer that fits Q2 and is as similar as possible to the Q1 example answers.
Only output the answer. Do not explain.

Q2 category: art supply
Example answers from Q1: eraser, folder

Answer:",glue,school supply,art supply,"['eraser', 'folder']",glue
"You are the impostor in a category game.
You will be given your category (Q2) and a few example answers from the visible category (Q1).
Give exactly one short concrete answer that fits Q2 and is as similar as possible to the Q1 example answers.
Only output the answer. Do not explain.

Q2 category: art supply
Example answers from Q1: notebook, binder

Answer:",eraser,school supply,art supply,"['notebook', 'binder']",eraser
"You are the impostor in a category game.
You will be given your category (Q2) and a few example answers from the visible category (Q1).
Give exactly one short concrete answer that fits Q2 and is as similar as possible to the Q1 example answers.
Only output the answer. Do not explain.

Q2 category: art supply
Example answers from Q1: glue, eraser

Answer:",ruler,school supply,art supply,"['glue', 'eraser']",ruler
"You are the impostor in a category game.
You will be given your category (Q2) and a few example answers from the visible category (Q1).
Give exactly one short concrete answer that fits Q2 and is as similar as possible to the Q1 example answers.
Only output the answer. Do not explain.

Q2 category: art supply
Example answers from Q1: eraser, notebook

Answer:",eraser,school supply,art supply,"['eraser', 'notebook']",eraser
"You are the impostor in a category game.
You will be given your category (Q2) and a few example answers from the visible category (Q1).
Give exactly one short concrete answer that fits Q2 and is as similar as possible to the Q1 example answers.
Only output the answer. Do not explain.

Q2 category: strategy game
Example answers from Q1: battleship, risk

Answer:",risk,board game,strategy game,"['battleship', 'risk']",risk
"You are the impostor in a category game.
You will be given your category (Q2) and a few example answers from the visible category (Q1).
Give exactly one short concrete answer that fits Q2 and is as similar as possible to the Q1 example answers.
Only output the answer. Do not explain.

Q2 category: strategy game
Example answers from Q1: scrabble, candyland

Answer:",chess,board game,strategy game,"['scrabble', 'candyland']",chess
"You are the impostor in a category game.
You will be given your category (Q2) and a few example answers from the visible category (Q1).
Give exactly one short concrete answer that fits Q2 and is as similar as possible to the Q1 example answers.
Only output the answer. Do not explain.

Q2 category: strategy game
Example answers from Q1: monopoly, operation

Answer:",catan,board game,strategy game,"['monopoly', 'operation']",catan
"You are the impostor in a category game.
You will be given your category (Q2) and a few example answers from the visible category (Q1).
Give exactly one short concrete answer that fits Q2 and is as similar as possible to the Q1 example answers.
Only output the answer. Do not explain.

Q2 category: strategy game
Example answers from Q1: operation, ticket to ride

Answer:",checkers,board game,strategy game,"['operation', 'ticket to ride']",checkers
"You are the impostor in a category game.
You will be given your category (Q2) and a few example answers from the visible category (Q1).
Give exactly one short concrete answer that fits Q2 and is as similar as possible to the Q1 example answers.
Only output the answer. Do not explain.

Q2 category: strategy game
Example answers from Q1: chess, catan

Answer:",chess,board game,strategy game,"['chess', 'catan']",chess
"You are the impostor in a category game.
You will be given your category (Q2) and a few example answers from the visible category (Q1).
Give exactly one short concrete answer that fits Q2 and is as similar as possible to the Q1 example answers.
Only output the answer. Do not explain.

Q2 category: soup ingredient
Example answers from Q1: celeriac, radish

Answer:",carrot,root vegetable,soup ingredient,"['celeriac', 'radish']",carrot
"You are the impostor in a category game.
You will be given your category (Q2) and a few example answers from the visible category (Q1).
Give exactly one short concrete answer that fits Q2 and is as similar as possible to the Q1 example answers.
Only output the answer. Do not explain.

Q2 category: soup ingredient
Example answers from Q1: beetroot, ginger

Answer:",carrot,root vegetable,soup ingredient,"['beetroot', 'ginger']",carrot
"You are the impostor in a category game.
You will be given your category (Q2) and a few example answers from the visible category (Q1).
Give exactly one short concrete answer that fits Q2 and is as similar as possible to the Q1 example answers.
Only output the answer. Do not explain.

Q2 category: soup ingredient
Example answers from Q1: parsnip, yam

Answer:",potato,root vegetable,soup ingredient,"['parsnip', 'yam']",potato
"You are the impostor in a category game.
You will be given your category (Q2) and a few example answers from the visible category (Q1).
Give exactly one short concrete answer that fits Q2 and is as similar as possible to the Q1 example answers.
Only output the answer. Do not explain.

Q2 category: soup ingredient
Example answers from Q1: potato, carrot

Answer:",potato,root vegetable,soup ingredient,"['potato', 'carrot']",potato
"You are the impostor in a category game.
You will be given your category (Q2) and a few example answers from the visible category (Q1).
Give exactly one short concrete answer that fits Q2 and is as similar as possible to the Q1 example answers.
Only output the answer. Do not explain.

Q2 category: soup ingredient
Example answers from Q1: jicama, carrot

Answer:",potato,root vegetable,soup ingredient,"['jicama', 'carrot']",potato
"You are the impostor in a category game.
You will be given your category (Q2) and a few example answers from the visible category (Q1).
Give exactly one short concrete answer that fits Q2 and is as similar as possible to the Q1 example answers.
Only output the answer. Do not explain.

Q2 category: marching band instrument
Example answers from Q1: tambourine, bongo

Answer:",glockenspiel,percussion instrument,marching band instrument,"['tambourine', 'bongo']",glockenspiel
"You are the impostor in a category game.
You will be given your category (Q2) and a few example answers from the visible category (Q1).
Give exactly one short concrete answer that fits Q2 and is as similar as possible to the Q1 example answers.
Only output the answer. Do not explain.

Q2 category: marching band instrument
Example answers from Q1: maracas, djembe

Answer:",cymbals,percussion instrument,marching band instrument,"['maracas', 'djembe']",cymbals
"You are the impostor in a category game.
You will be given your category (Q2) and a few example answers from the visible category (Q1).
Give exactly one short concrete answer that fits Q2 and is as similar as possible to the Q1 example answers.
Only output the answer. Do not explain.

Q2 category: marching band instrument
Example answers from Q1: cymbals, bongo

Answer:",bass drum,percussion instrument,marching band instrument,"['cymbals', 'bongo']",bass drum
"You are the impostor in a category game.
You will be given your category (Q2) and a few example answers from the visible category (Q1).
Give exactly one short concrete answer that fits Q2 and is as similar as possible to the Q1 example answers.
Only output the answer. Do not explain.

Q2 category: marching band instrument
Example answers from Q1: cowbell, djembe

Answer:",cymbals,percussion instrument,marching band instrument,"['cowbell', 'djembe']",cymbals
"You are the impostor in a category game.
You will be given your category (Q2) and a few example answers from the visible category (Q1).
Give exactly one short concrete answer that fits Q2 and is as similar as possible to the Q1 example answers.
Only output the answer. Do not explain.

Q2 category: marching band instrument
Example answers from Q1: cowbell, bass drum

Answer:",snare drum,percussion instrument,marching band instrument,"['cowbell', 'bass drum']",snare drum
"You are the impostor in a category game.
You will be given your category (Q2) and a few example answers from the visible category (Q1).
Give exactly one short concrete answer that fits Q2 and is as similar as possible to the Q1 example answers.
Only output the answer. Do not explain.

Q2 category: natural resource
Example answers from Q1: drywall, fiberglass

Answer:",clay,building material,natural resource,"['drywall', 'fiberglass']",clay
"You are the impostor in a category game.
You will be given your category (Q2) and a few example answers from the visible category (Q1).
Give exactly one short concrete answer that fits Q2 and is as similar as possible to the Q1 example answers.
Only output the answer. Do not explain.

Q2 category: natural resource
Example answers from Q1: glass, rebar

Answer:",wood,building material,natural resource,"['glass', 'rebar']",wood
"You are the impostor in a category game.
You will be given your category (Q2) and a few example answers from the visible category (Q1).
Give exactly one short concrete answer that fits Q2 and is as similar as possible to the Q1 example answers.
Only output the answer. Do not explain.

Q2 category: natural resource
Example answers from Q1: glass, asphalt

Answer:",wood,building material,natural resource,"['glass', 'asphalt']",wood
"You are the impostor in a category game.
You will be given your category (Q2) and a few example answers from the visible category (Q1).
Give exactly one short concrete answer that fits Q2 and is as similar as possible to the Q1 example answers.
Only output the answer. Do not explain.

Q2 category: natural resource
Example answers from Q1: rebar, steel

Answer:",sand,building material,natural resource,"['rebar', 'steel']",sand
"You are the impostor in a category game.
You will be given your category (Q2) and a few example answers from the visible category (Q1).
Give exactly one short concrete answer that fits Q2 and is as similar as possible to the Q1 example answers.
Only output the answer. Do not explain.

Q2 category: natural resource
Example answers from Q1: stone, steel

Answer:",stone,building material,natural resource,"['stone', 'steel']",stone
"You are the impostor in a category game.
You will be given your category (Q2) and a few example answers from the visible category (Q1).
Give exactly one short concrete answer that fits Q2 and is as similar as possible to the Q1 example answers.
Only output the answer. Do not explain.

Q2 category: hunting gear
Example answers from Q1: axe, spear

Answer:",knife,weapon,hunting gear,"['axe', 'spear']",knife
"You are the impostor in a category game.
You will be given your category (Q2) and a few example answers from the visible category (Q1).
Give exactly one short concrete answer that fits Q2 and is as similar as possible to the Q1 example answers.
Only output the answer. Do not explain.

Q2 category: hunting gear
Example answers from Q1: crossbow, katana

Answer:",bow,weapon,hunting gear,"['crossbow', 'katana']",bow
"You are the impostor in a category game.
You will be given your category (Q2) and a few example answers from the visible category (Q1).
Give exactly one short concrete answer that fits Q2 and is as similar as possible to the Q1 example answers.
Only output the answer. Do not explain.

Q2 category: hunting gear
Example answers from Q1: katana, rifle

Answer:",rifle,weapon,hunting gear,"['katana', 'rifle']",rifle
"You are the impostor in a category game.
You will be given your category (Q2) and a few example answers from the visible category (Q1).
Give exactly one short concrete answer that fits Q2 and is as similar as possible to the Q1 example answers.
Only output the answer. Do not explain.

Q2 category: hunting gear
Example answers from Q1: rifle, pistol

Answer:",rifle,weapon,hunting gear,"['rifle', 'pistol']",rifle
"You are the impostor in a category game.
You will be given your category (Q2) and a few example answers from the visible category (Q1).
Give exactly one short concrete answer that fits Q2 and is as similar as possible to the Q1 example answers.
Only output the answer. Do not explain.

Q2 category: hunting gear
Example answers from Q1: mace, axe

Answer:",crossbow,weapon,hunting gear,"['mace', 'axe']",crossbow
"You are the impostor in a category game.
You will be given your category (Q2) and a few example answers from the visible category (Q1).
Give exactly one short concrete answer that fits Q2 and is as similar as possible to the Q1 example answers.
Only output the answer. Do not explain.

Q2 category: pack animal
Example answers from Q1: alpaca, mule

Answer:",horse,livestock,pack animal,"['alpaca', 'mule']",horse
"You are the impostor in a category game.
You will be given your category (Q2) and a few example answers from the visible category (Q1).
Give exactly one short concrete answer that fits Q2 and is as similar as possible to the Q1 example answers.
Only output the answer. Do not explain.

Q2 category: pack animal
Example answers from Q1: rabbit, llama

Answer:",mule,livestock,pack animal,"['rabbit', 'llama']",mule
"You are the impostor in a category game.
You will be given your category (Q2) and a few example answers from the visible category (Q1).
Give exactly one short concrete answer that fits Q2 and is as similar as possible to the Q1 example answers.
Only output the answer. Do not explain.

Q2 category: pack animal
Example answers from Q1: sheep, pig

Answer:",mule,livestock,pack animal,"['sheep', 'pig']",mule
"You are the impostor in a category game.
You will be given your category (Q2) and a few example answers from the visible category (Q1).
Give exactly one short concrete answer that fits Q2 and is as similar as possible to the Q1 example answers.
Only output the answer. Do not explain.

Q2 category: pack animal
Example answers from Q1: goat, rabbit

Answer:",horse,livestock,pack animal,"['goat', 'rabbit']",horse
"You are the impostor in a category game.
You will be given your category (Q2) and a few example answers from the visible category (Q1).
Give exactly one short concrete answer that fits Q2 and is as similar as possible to the Q1 example answers.
Only output the answer. Do not explain.

Q2 category: pack animal
Example answers from Q1: turkey, donkey

Answer:",alpaca,livestock,pack animal,"['turkey', 'donkey']",alpaca
"You are the impostor in a category game.
You will be given your category (Q2) and a few example answers from the visible category (Q1).
Give exactly one short concrete answer that fits Q2 and is as similar as possible to the Q1 example answers.
Only output the answer. Do not explain.

Q2 category: wedding item
Example answers from Q1: lily, peony

Answer:",rose,flower,wedding item,"['lily', 'peony']",rose
"You are the impostor in a category game.
You will be given your category (Q2) and a few example answers from the visible category (Q1).
Give exactly one short concrete answer that fits Q2 and is as similar as possible to the Q1 example answers.
Only output the answer. Do not explain.

Q2 category: wedding item
Example answers from Q1: lily, daisy

Answer:",rose,flower,wedding item,"['lily', 'daisy']",rose
"You are the impostor in a category game.
You will be given your category (Q2) and a few example answers from the visible category (Q1).
Give exactly one short concrete answer that fits Q2 and is as similar as possible to the Q1 example answers.
Only output the answer. Do not explain.

Q2 category: wedding item
Example answers from Q1: hydrangea, violet

Answer:",lily,flower,wedding item,"['hydrangea', 'violet']",lily
"You are the impostor in a category game.
You will be given your category (Q2) and a few example answers from the visible category (Q1).
Give exactly one short concrete answer that fits Q2 and is as similar as possible to the Q1 example answers.
Only output the answer. Do not explain.

Q2 category: wedding item
Example answers from Q1: lotus, sunflower

Answer:",rose,flower,wedding item,"['lotus', 'sunflower']",rose
"You are the impostor in a category game.
You will be given your category (Q2) and a few example answers from the visible category (Q1).
Give exactly one short concrete answer that fits Q2 and is as similar as possible to the Q1 example answers.
Only output the answer. Do not explain.

Q2 category: wedding item
Example answers from Q1: hydrangea, rose

Answer:",lily,flower,wedding item,"['hydrangea', 'rose']",lily
"You are the impostor in a category game.
You will be given your category (Q2) and a few example answers from the visible category (Q1).
Give exactly one short concrete answer that fits Q2 and is as similar as possible to the Q1 example answers.
Only output the answer. Do not explain.

Q2 category: summer clothing
Example answers from Q1: sun hat, towel

Answer:",sunglasses,beach item,summer clothing,"['sun hat', 'towel']",sunglasses
"You are the impostor in a category game.
You will be given your category (Q2) and a few example answers from the visible category (Q1).
Give exactly one short concrete answer that fits Q2 and is as similar as possible to the Q1 example answers.
Only output the answer. Do not explain.

Q2 category: summer clothing
Example answers from Q1: seashell, surfboard

Answer:",flip flops,beach item,summer clothing,"['seashell', 'surfboard']",flip flops
"You are the impostor in a category game.
You will be given your category (Q2) and a few example answers from the visible category (Q1).
Give exactly one short concrete answer that fits Q2 and is as similar as possible to the Q1 example answers.
Only output the answer. Do not explain.

Q2 category: summer clothing
Example answers from Q1: sandcastle, sunscreen

Answer:",sun hat,beach item,summer clothing,"['sandcastle', 'sunscreen']",sun hat
"You are the impostor in a category game.
You will be given your category (Q2) and a few example answers from the visible category (Q1).
Give exactly one short concrete answer that fits Q2 and is as similar as possible to the Q1 example answers.
Only output the answer. Do not explain.

Q2 category: summer clothing
Example answers from Q1: frisbee, shovel

Answer:",flip flops,beach item,summer clothing,"['frisbee', 'shovel']",flip flops
"You are the impostor in a category game.
You will be given your category (Q2) and a few example answers from the visible category (Q1).
Give exactly one short concrete answer that fits Q2 and is as similar as possible to the Q1 example answers.
Only output the answer. Do not explain.

Q2 category: summer clothing
Example answers from Q1: seashell, cooler

Answer:",flip flops,beach item,summer clothing,"['seashell', 'cooler']",flip flops
"You are the impostor in a category game.
You will be given your category (Q2) and a few example answers from the visible category (Q1).
Give exactly one short concrete answer that fits Q2 and is as similar as possible to the Q1 example answers.
Only output the answer. Do not explain.

Q2 category: military equipment
Example answers from Q1: jet, tank

Answer:",submarine,vehicle,military equipment,"['jet', 'tank']",submarine
"You are the impostor in a category game.
You will be given your category (Q2) and a few example answers from the visible category (Q1).
Give exactly one short concrete answer that fits Q2 and is as similar as possible to the Q1 example answers.
Only output the answer. Do not explain.

Q2 category: military equipment
Example answers from Q1: tank, submarine

Answer:",jet,vehicle,military equipment,"['tank', 'submarine']",jet
"You are the impostor in a category game.
You will be given your category (Q2) and a few example answers from the visible category (Q1).
Give exactly one short concrete answer that fits Q2 and is as similar as possible to the Q1 example answers.
Only output the answer. Do not explain.

Q2 category: military equipment
Example answers from Q1: motorcycle, scooter

Answer:",drone,vehicle,military equipment,"['motorcycle', 'scooter']",drone
"You are the impostor in a category game.
You will be given your category (Q2) and a few example answers from the visible category (Q1).
Give exactly one short concrete answer that fits Q2 and is as similar as possible to the Q1 example answers.
Only output the answer. Do not explain.

Q2 category: military equipment
Example answers from Q1: tank, drone

Answer:",tank,vehicle,military equipment,"['tank', 'drone']",tank
"You are the impostor in a category game.
You will be given your category (Q2) and a few example answers from the visible category (Q1).
Give exactly one short concrete answer that fits Q2 and is as similar as possible to the Q1 example answers.
Only output the answer. Do not explain.

Q2 category: military equipment
Example answers from Q1: van, truck

Answer:",drone,vehicle,military equipment,"['van', 'truck']",drone
"You are the impostor in a category game.
You will be given your category (Q2) and a few example answers from the visible category (Q1).
Give exactly one short concrete answer that fits Q2 and is as similar as possible to the Q1 example answers.
Only output the answer. Do not explain.

Q2 category: halloween item
Example answers from Q1: pastry, caramel apple

Answer:",candy,sweet treat,halloween item,"['pastry', 'caramel apple']",candy
"You are the impostor in a category game.
You will be given your category (Q2) and a few example answers from the visible category (Q1).
Give exactly one short concrete answer that fits Q2 and is as similar as possible to the Q1 example answers.
Only output the answer. Do not explain.

Q2 category: halloween item
Example answers from Q1: gummy bear, cookie

Answer:",chocolate,sweet treat,halloween item,"['gummy bear', 'cookie']",chocolate
"You are the impostor in a category game.
You will be given your category (Q2) and a few example answers from the visible category (Q1).
Give exactly one short concrete answer that fits Q2 and is as similar as possible to the Q1 example answers.
Only output the answer. Do not explain.

Q2 category: halloween item
Example answers from Q1: pie, ice cream

Answer:",candy,sweet treat,halloween item,"['pie', 'ice cream']",candy
"You are the impostor in a category game.
You will be given your category (Q2) and a few example answers from the visible category (Q1).
Give exactly one short concrete answer that fits Q2 and is as similar as possible to the Q1 example answers.
Only output the answer. Do not explain.

Q2 category: halloween item
Example answers from Q1: lollipop, pastry

Answer:",lollipop,sweet treat,halloween item,"['lollipop', 'pastry']",lollipop
"You are the impostor in a category game.
You will be given your category (Q2) and a few example answers from the visible category (Q1).
Give exactly one short concrete answer that fits Q2 and is as similar as possible to the Q1 example answers.
Only output the answer. Do not explain.

Q2 category: halloween item
Example answers from Q1: chocolate, candy

Answer:",chocolate,sweet treat,halloween item,"['chocolate', 'candy']",chocolate
"You are the impostor in a category game.
You will be given your category (Q2) and a few example answers from the visible category (Q1).
Give exactly one short concrete answer that fits Q2 and is as similar as possible to the Q1 example answers.
Only output the answer. Do not explain.

Q2 category: island nation
Example answers from Q1: nepal, iraq

Answer:",maldives,country in asia,island nation,"['nepal', 'iraq']",maldives
"You are the impostor in a category game.
You will be given your category (Q2) and a few example answers from the visible category (Q1).
Give exactly one short concrete answer that fits Q2 and is as similar as possible to the Q1 example answers.
Only output the answer. Do not explain.

Q2 category: island nation
Example answers from Q1: singapore, south korea

Answer:",indonesia,country in asia,island nation,"['singapore', 'south korea']",indonesia
"You are the impostor in a category game.
You will be given your category (Q2) and a few example answers from the visible category (Q1).
Give exactly one short concrete answer that fits Q2 and is as similar as possible to the Q1 example answers.
Only output the answer. Do not explain.

Q2 category: island nation
Example answers from Q1: china, south korea

Answer:",japan,country in asia,island nation,"['china', 'south korea']",japan
"You are the impostor in a category game.
You will be given your category (Q2) and a few example answers from the visible category (Q1).
Give exactly one short concrete answer that fits Q2 and is as similar as possible to the Q1 example answers.
Only output the answer. Do not explain.

Q2 category: island nation
Example answers from Q1: thailand, philippines

Answer:",maldives,country in asia,island nation,"['thailand', 'philippines']",maldives
"You are the impostor in a category game.
You will be given your category (Q2) and a few example answers from the visible category (Q1).
Give exactly one short concrete answer that fits Q2 and is as similar as possible to the Q1 example answers.
Only output the answer. Do not explain.

Q2 category: island nation
Example answers from Q1: indonesia, vietnam

Answer:",singapore,country in asia,island nation,"['indonesia', 'vietnam']",singapore
"You are the impostor in a category game.
You will be given your category (Q2) and a few example answers from the visible category (Q1).
Give exactly one short concrete answer that fits Q2 and is as similar as possible to the Q1 example answers.
Only output the answer. Do not explain.

Q2 category: house pest
Example answers from Q1: guinea pig, rat

Answer:",mouse,rodent,house pest,"['guinea pig', 'rat']",mouse
"You are the impostor in a category game.
You will be given your category (Q2) and a few example answers from the visible category (Q1).
Give exactly one short concrete answer that fits Q2 and is as similar as possible to the Q1 example answers.
Only output the answer. Do not explain.

Q2 category: house pest
Example answers from Q1: guinea pig, groundhog

Answer:",mouse,rodent,house pest,"['guinea pig', 'groundhog']",mouse
"You are the impostor in a category game.
You will be given your category (Q2) and a few example answers from the visible category (Q1).
Give exactly one short concrete answer that fits Q2 and is as similar as possible to the Q1 example answers.
Only output the answer. Do not explain.

Q2 category: house pest
Example answers from Q1: squirrel, capybara

Answer:",rat,rodent,house pest,"['squirrel', 'capybara']",rat
"You are the impostor in a category game.
You will be given your category (Q2) and a few example answers from the visible category (Q1).
Give exactly one short concrete answer that fits Q2 and is as similar as possible to the Q1 example answers.
Only output the answer. Do not explain.

Q2 category: house pest
Example answers from Q1: prairie dog, porcupine

Answer:",rat,rodent,house pest,"['prairie dog', 'porcupine']",rat
"You are the impostor in a category game.
You will be given your category (Q2) and a few example answers from the visible category (Q1).
Give exactly one short concrete answer that fits Q2 and is as similar as possible to the Q1 example answers.
Only output the answer. Do not explain.

Q2 category: house pest
Example answers from Q1: chipmunk, prairie dog

Answer:",rat,rodent,house pest,"['chipmunk', 'prairie dog']",rat
"You are the impostor in a category game.
You will be given your category (Q2) and a few example answers from the visible category (Q1).
Give exactly one short concrete answer that fits Q2 and is as similar as possible to the Q1 example answers.
Only output the answer. Do not explain.

Q2 category: dairy product
Example answers from Q1: sausage, onion

Answer:",parmesan,pizza topping,dairy product,"['sausage', 'onion']",parmesan
"You are the impostor in a category game.
You will be given your category (Q2) and a few example answers from the visible category (Q1).
Give exactly one short concrete answer that fits Q2 and is as similar as possible to the Q1 example answers.
Only output the answer. Do not explain.

Q2 category: dairy product
Example answers from Q1: ricotta, mozzarella

Answer:",mozzarella,pizza topping,dairy product,"['ricotta', 'mozzarella']",mozzarella
"You are the impostor in a category game.
You will be given your category (Q2) and a few example answers from the visible category (Q1).
Give exactly one short concrete answer that fits Q2 and is as similar as possible to the Q1 example answers.
Only output the answer. Do not explain.

Q2 category: dairy product
Example answers from Q1: parmesan, ham

Answer:",cheese,pizza topping,dairy product,"['parmesan', 'ham']",cheese
"You are the impostor in a category game.
You will be given your category (Q2) and a few example answers from the visible category (Q1).
Give exactly one short concrete answer that fits Q2 and is as similar as possible to the Q1 example answers.
Only output the answer. Do not explain.

Q2 category: dairy product
Example answers from Q1: parmesan, mozzarella

Answer:",mozzarella,pizza topping,dairy product,"['parmesan', 'mozzarella']",mozzarella
"You are the impostor in a category game.
You will be given your category (Q2) and a few example answers from the visible category (Q1).
Give exactly one short concrete answer that fits Q2 and is as similar as possible to the Q1 example answers.
Only output the answer. Do not explain.

Q2 category: dairy product
Example answers from Q1: onion, jalapeno

Answer:",parmesan,pizza topping,dairy product,"['onion', 'jalapeno']",parmesan
"You are the impostor in a category game.
You will be given your category (Q2) and a few example answers from the visible category (Q1).
Give exactly one short concrete answer that fits Q2 and is as similar as possible to the Q1 example answers.
Only output the answer. Do not explain.

Q2 category: extreme sport
Example answers from Q1: swimming, wakeboarding

Answer:",kitesurfing,water sport,extreme sport,"['swimming', 'wakeboarding']",kitesurfing
"You are the impostor in a category game.
You will be given your category (Q2) and a few example answers from the visible category (Q1).
Give exactly one short concrete answer that fits Q2 and is as similar as possible to the Q1 example answers.
Only output the answer. Do not explain.

Q2 category: extreme sport
Example answers from Q1: paddleboarding, windsurfing

Answer:",cliff diving,water sport,extreme sport,"['paddleboarding', 'windsurfing']",cliff diving
"You are the impostor in a category game.
You will be given your category (Q2) and a few example answers from the visible category (Q1).
Give exactly one short concrete answer that fits Q2 and is as similar as possible to the Q1 example answers.
Only output the answer. Do not explain.

Q2 category: extreme sport
Example answers from Q1: water polo, rowing

Answer:",kitesurfing,water sport,extreme sport,"['water polo', 'rowing']",kitesurfing
"You are the impostor in a category game.
You will be given your category (Q2) and a few example answers from the visible category (Q1).
Give exactly one short concrete answer that fits Q2 and is as similar as possible to the Q1 example answers.
Only output the answer. Do not explain.

Q2 category: extreme sport
Example answers from Q1: kayaking, wakeboarding

Answer:",surfing,water sport,extreme sport,"['kayaking', 'wakeboarding']",surfing
"You are the impostor in a category game.
You will be given your category (Q2) and a few example answers from the visible category (Q1).
Give exactly one short concrete answer that fits Q2 and is as similar as possible to the Q1 example answers.
Only output the answer. Do not explain.

Q2 category: extreme sport
Example answers from Q1: kitesurfing, paddleboarding

Answer:",kitesurfing,water sport,extreme sport,"['kitesurfing', 'paddleboarding']",kitesurfing
"You are the impostor in a category game.
You will be given your category (Q2) and a few example answers from the visible category (Q1).
Give exactly one short concrete answer that fits Q2 and is as similar as possible to the Q1 example answers.
Only output the answer. Do not explain.

Q2 category: movie monster
Example answers from Q1: cyclops, griffin

Answer:",ghost,mythological creature,movie monster,"['cyclops', 'griffin']",ghost
"You are the impostor in a category game.
You will be given your category (Q2) and a few example answers from the visible category (Q1).
Give exactly one short concrete answer that fits Q2 and is as similar as possible to the Q1 example answers.
Only output the answer. Do not explain.

Q2 category: movie monster
Example answers from Q1: minotaur, vampire

Answer:",werewolf,mythological creature,movie monster,"['minotaur', 'vampire']",werewolf
"You are the impostor in a category game.
You will be given your category (Q2) and a few example answers from the visible category (Q1).
Give exactly one short concrete answer that fits Q2 and is as similar as possible to the Q1 example answers.
Only output the answer. Do not explain.

Q2 category: movie monster
Example answers from Q1: cyclops, medusa

Answer:",zombie,mythological creature,movie monster,"['cyclops', 'medusa']",zombie
"You are the impostor in a category game.
You will be given your category (Q2) and a few example answers from the visible category (Q1).
Give exactly one short concrete answer that fits Q2 and is as similar as possible to the Q1 example answers.
Only output the answer. Do not explain.

Q2 category: movie monster
Example answers from Q1: zombie, werewolf

Answer:",ghost,mythological creature,movie monster,"['zombie', 'werewolf']",ghost
"You are the impostor in a category game.
You will be given your category (Q2) and a few example answers from the visible category (Q1).
Give exactly one short concrete answer that fits Q2 and is as similar as possible to the Q1 example answers.
Only output the answer. Do not explain.

Q2 category: movie monster
Example answers from Q1: dragon, ghost

Answer:",dragon,mythological creature,movie monster,"['dragon', 'ghost']",dragon
"You are the impostor in a category game.
You will be given your category (Q2) and a few example answers from the visible category (Q1).
Give exactly one short concrete answer that fits Q2 and is as similar as possible to the Q1 example answers.
Only output the answer. Do not explain.

Q2 category: outdoor activity
Example answers from Q1: painting, hiking

Answer:",cycling,hobby,outdoor activity,"['painting', 'hiking']",cycling
"You are the impostor in a category game.
You will be given your category (Q2) and a few example answers from the visible category (Q1).
Give exactly one short concrete answer that fits Q2 and is as similar as possible to the Q1 example answers.
Only output the answer. Do not explain.

Q2 category: outdoor activity
Example answers from Q1: photography, pottery

Answer:",gardening,hobby,outdoor activity,"['photography', 'pottery']",gardening
"You are the impostor in a category game.
You will be given your category (Q2) and a few example answers from the visible category (Q1).
Give exactly one short concrete answer that fits Q2 and is as similar as possible to the Q1 example answers.
Only output the answer. Do not explain.

Q2 category: outdoor activity
Example answers from Q1: hiking, knitting

Answer:",camping,hobby,outdoor activity,"['hiking', 'knitting']",camping
"You are the impostor in a category game.
You will be given your category (Q2) and a few example answers from the visible category (Q1).
Give exactly one short concrete answer that fits Q2 and is as similar as possible to the Q1 example answers.
Only output the answer. Do not explain.

Q2 category: outdoor activity
Example answers from Q1: painting, woodworking

Answer:",photography,hobby,outdoor activity,"['painting', 'woodworking']",photography
"You are the impostor in a category game.
You will be given your category (Q2) and a few example answers from the visible category (Q1).
Give exactly one short concrete answer that fits Q2 and is as similar as possible to the Q1 example answers.
Only output the answer. Do not explain.

Q2 category: outdoor activity
Example answers from Q1: camping, gardening

Answer:",camping,hobby,outdoor activity,"['camping', 'gardening']",camping
"You are the impostor in a category game.
You will be given your category (Q2) and a few example answers from the visible category (Q1).
Give exactly one short concrete answer that fits Q2 and is as similar as possible to the Q1 example answers.
Only output the answer. Do not explain.

Q2 category: aquarium pet
Example answers from Q1: octopus, clownfish

Answer:",seahorse,ocean animal,aquarium pet,"['octopus', 'clownfish']",seahorse
"You are the impostor in a category game.
You will be given your category (Q2) and a few example answers from the visible category (Q1).
Give exactly one short concrete answer that fits Q2 and is as similar as possible to the Q1 example answers.
Only output the answer. Do not explain.

Q2 category: aquarium pet
Example answers from Q1: octopus, whale

Answer:",seahorse,ocean animal,aquarium pet,"['octopus', 'whale']",seahorse
"You are the impostor in a category game.
You will be given your category (Q2) and a few example answers from the visible category (Q1).
Give exactly one short concrete answer that fits Q2 and is as similar as possible to the Q1 example answers.
Only output the answer. Do not explain.

Q2 category: aquarium pet
Example answers from Q1: crab, shark

Answer:",seahorse,ocean animal,aquarium pet,"['crab', 'shark']",seahorse
"You are the impostor in a category game.
You will be given your category (Q2) and a few example answers from the visible category (Q1).
Give exactly one short concrete answer that fits Q2 and is as similar as possible to the Q1 example answers.
Only output the answer. Do not explain.

Q2 category: aquarium pet
Example answers from Q1: clownfish, starfish

Answer:",seahorse,ocean animal,aquarium pet,"['clownfish', 'starfish']",seahorse
"You are the impostor in a category game.
You will be given your category (Q2) and a few example answers from the visible category (Q1).
Give exactly one short concrete answer that fits Q2 and is as similar as possible to the Q1 example answers.
Only output the answer. Do not explain.

Q2 category: aquarium pet
Example answers from Q1: lobster, manatee

Answer:",seahorse,ocean animal,aquarium pet,"['lobster', 'manatee']",seahorse
"You are the impostor in a category game.
You will be given your category (Q2) and a few example answers from the visible category (Q1).
Give exactly one short concrete answer that fits Q2 and is as similar as possible to the Q1 example answers.
Only output the answer. Do not explain.

Q2 category: olympic sport
Example answers from Q1: skiing, snowboarding

Answer:",snowboarding,winter sport,olympic sport,"['skiing', 'snowboarding']",snowboarding
"You are the impostor in a category game.
You will be given your category (Q2) and a few example answers from the visible category (Q1).
Give exactly one short concrete answer that fits Q2 and is as similar as possible to the Q1 example answers.
Only output the answer. Do not explain.

Q2 category: olympic sport
Example answers from Q1: figure skating, snowshoeing

Answer:",curling,winter sport,olympic sport,"['figure skating', 'snowshoeing']",curling
"You are the impostor in a category game.
You will be given your category (Q2) and a few example answers from the visible category (Q1).
Give exactly one short concrete answer that fits Q2 and is as similar as possible to the Q1 example answers.
Only output the answer. Do not explain.

Q2 category: olympic sport
Example answers from Q1: sledding, ice skating

Answer:",skiing,winter sport,olympic sport,"['sledding', 'ice skating']",skiing
"You are the impostor in a category game.
You will be given your category (Q2) and a few example answers from the visible category (Q1).
Give exactly one short concrete answer that fits Q2 and is as similar as possible to the Q1 example answers.
Only output the answer. Do not explain.

Q2 category: olympic sport
Example answers from Q1: figure skating, snowmobiling

Answer:",hockey,winter sport,olympic sport,"['figure skating', 'snowmobiling']",hockey
"You are the impostor in a category game.
You will be given your category (Q2) and a few example answers from the visible category (Q1).
Give exactly one short concrete answer that fits Q2 and is as similar as possible to the Q1 example answers.
Only output the answer. Do not explain.

Q2 category: olympic sport
Example answers from Q1: snowboarding, skiing

Answer:",curling,winter sport,olympic sport,"['snowboarding', 'skiing']",curling
"You are the impostor in a category game.
You will be given your category (Q2) and a few example answers from the visible category (Q1).
Give exactly one short concrete answer that fits Q2 and is as similar as possible to the Q1 example answers.
Only output the answer. Do not explain.

Q2 category: tropical fruit
Example answers from Q1: orange, lime

Answer:",grapefruit,citrus fruit,tropical fruit,"['orange', 'lime']",grapefruit
"You are the impostor in a category game.
You will be given your category (Q2) and a few example answers from the visible category (Q1).
Give exactly one short concrete answer that fits Q2 and is as similar as possible to the Q1 example answers.
Only output the answer. Do not explain.

Q2 category: tropical fruit
Example answers from Q1: tangelo, bergamot

Answer:",grapefruit,citrus fruit,tropical fruit,"['tangelo', 'bergamot']",grapefruit
"You are the impostor in a category game.
You will be given your category (Q2) and a few example answers from the visible category (Q1).
Give exactly one short concrete answer that fits Q2 and is as similar as possible to the Q1 example answers.
Only output the answer. Do not explain.

Q2 category: tropical fruit
Example answers from Q1: mandarin, orange

Answer:",grapefruit,citrus fruit,tropical fruit,"['mandarin', 'orange']",grapefruit
"You are the impostor in a category game.
You will be given your category (Q2) and a few example answers from the visible category (Q1).
Give exactly one short concrete answer that fits Q2 and is as similar as possible to the Q1 example answers.
Only output the answer. Do not explain.

Q2 category: tropical fruit
Example answers from Q1: kumquat, clementine

Answer:",orange,citrus fruit,tropical fruit,"['kumquat', 'clementine']",orange
"You are the impostor in a category game.
You will be given your category (Q2) and a few example answers from the visible category (Q1).
Give exactly one short concrete answer that fits Q2 and is as similar as possible to the Q1 example answers.
Only output the answer. Do not explain.

Q2 category: tropical fruit
Example answers from Q1: tangerine, grapefruit

Answer:",orange,citrus fruit,tropical fruit,"['tangerine', 'grapefruit']",orange
"You are the impostor in a category game.
You will be given your category (Q2) and a few example answers from the visible category (Q1).
Give exactly one short concrete answer that fits Q2 and is as similar as possible to the Q1 example answers.
Only output the answer. Do not explain.

Q2 category: orchestra instrument
Example answers from Q1: double bass, bouzouki

Answer:",harp,string instrument,orchestra instrument,"['double bass', 'bouzouki']",harp
"You are the impostor in a category game.
You will be given your category (Q2) and a few example answers from the visible category (Q1).
Give exactly one short concrete answer that fits Q2 and is as similar as possible to the Q1 example answers.
Only output the answer. Do not explain.

Q2 category: orchestra instrument
Example answers from Q1: bouzouki, cello

Answer:",violin,string instrument,orchestra instrument,"['bouzouki', 'cello']",violin
"You are the impostor in a category game.
You will be given your category (Q2) and a few example answers from the visible category (Q1).
Give exactly one short concrete answer that fits Q2 and is as similar as possible to the Q1 example answers.
Only output the answer. Do not explain.

Q2 category: orchestra instrument
Example answers from Q1: lute, bouzouki

Answer:",cello,string instrument,orchestra instrument,"['lute', 'bouzouki']",cello
"You are the impostor in a category game.
You will be given your category (Q2) and a few example answers from the visible category (Q1).
Give exactly one short concrete answer that fits Q2 and is as similar as possible to the Q1 example answers.
Only output the answer. Do not explain.

Q2 category: orchestra instrument
Example answers from Q1: sitar, double bass

Answer:",harp,string instrument,orchestra instrument,"['sitar', 'double bass']",harp
"You are the impostor in a category game.
You will be given your category (Q2) and a few example answers from the visible category (Q1).
Give exactly one short concrete answer that fits Q2 and is as similar as possible to the Q1 example answers.
Only output the answer. Do not explain.

Q2 category: orchestra instrument
Example answers from Q1: banjo, mandolin

Answer:",harp,string instrument,orchestra instrument,"['banjo', 'mandolin']",harp
"You are the impostor in a category game.
You will be given your category (Q2) and a few example answers from the visible category (Q1).
Give exactly one short concrete answer that fits Q2 and is as similar as possible to the Q1 example answers.
Only output the answer. Do not explain.

Q2 category: coastal city
Example answers from Q1: paris, berlin

Answer:",amsterdam,european capital,coastal city,"['paris', 'berlin']",amsterdam
"You are the impostor in a category game.
You will be given your category (Q2) and a few example answers from the visible category (Q1).
Give exactly one short concrete answer that fits Q2 and is as similar as possible to the Q1 example answers.
Only output the answer. Do not explain.

Q2 category: coastal city
Example answers from Q1: stockholm, rome

Answer:",dublin,european capital,coastal city,"['stockholm', 'rome']",dublin
"You are the impostor in a category game.
You will be given your category (Q2) and a few example answers from the visible category (Q1).
Give exactly one short concrete answer that fits Q2 and is as similar as possible to the Q1 example answers.
Only output the answer. Do not explain.

Q2 category: coastal city
Example answers from Q1: lisbon, amsterdam

Answer:",oslo,european capital,coastal city,"['lisbon', 'amsterdam']",oslo
"You are the impostor in a category game.
You will be given your category (Q2) and a few example answers from the visible category (Q1).
Give exactly one short concrete answer that fits Q2 and is as similar as possible to the Q1 example answers.
Only output the answer. Do not explain.

Q2 category: coastal city
Example answers from Q1: london, stockholm

Answer:",copenhagen,european capital,coastal city,"['london', 'stockholm']",copenhagen
"You are the impostor in a category game.
You will be given your category (Q2) and a few example answers from the visible category (Q1).
Give exactly one short concrete answer that fits Q2 and is as similar as possible to the Q1 example answers.
Only output the answer. Do not explain.

Q2 category: coastal city
Example answers from Q1: dublin, budapest

Answer:",stockholm,european capital,coastal city,"['dublin', 'budapest']",stockholm
"You are the impostor in a category game.
You will be given your category (Q2) and a few example answers from the visible category (Q1).
Give exactly one short concrete answer that fits Q2 and is as similar as possible to the Q1 example answers.
Only output the answer. Do not explain.

Q2 category: pizza place
Example answers from Q1: panera, subway

Answer:",papa johns,fast food chain,pizza place,"['panera', 'subway']",papa johns
"You are the impostor in a category game.
You will be given your category (Q2) and a few example answers from the visible category (Q1).
Give exactly one short concrete answer that fits Q2 and is as similar as possible to the Q1 example answers.
Only output the answer. Do not explain.

Q2 category: pizza place
Example answers from Q1: sonic, chick-fil-a

Answer:",pizza hut,fast food chain,pizza place,"['sonic', 'chick-fil-a']",pizza hut
"You are the impostor in a category game.
You will be given your category (Q2) and a few example answers from the visible category (Q1).
Give exactly one short concrete answer that fits Q2 and is as similar as possible to the Q1 example answers.
Only output the answer. Do not explain.

Q2 category: pizza place
Example answers from Q1: subway, mcdonalds

Answer:",pizza hut,fast food chain,pizza place,"['subway', 'mcdonalds']",pizza hut
"You are the impostor in a category game.
You will be given your category (Q2) and a few example answers from the visible category (Q1).
Give exactly one short concrete answer that fits Q2 and is as similar as possible to the Q1 example answers.
Only output the answer. Do not explain.

Q2 category: pizza place
Example answers from Q1: dominos, mcdonalds

Answer:",pizza hut,fast food chain,pizza place,"['dominos', 'mcdonalds']",pizza hut
"You are the impostor in a category game.
You will be given your category (Q2) and a few example answers from the visible category (Q1).
Give exactly one short concrete answer that fits Q2 and is as similar as possible to the Q1 example answers.
Only output the answer. Do not explain.

Q2 category: pizza place
Example answers from Q1: burger king, popeyes

Answer:",pizza hut,fast food chain,pizza place,"['burger king', 'popeyes']",pizza hut
"You are the impostor in a category game.
You will be given your category (Q2) and a few example answers from the visible category (Q1).
Give exactly one short concrete answer that fits Q2 and is as similar as possible to the Q1 example answers.
Only output the answer. Do not explain.

Q2 category: gardening tool
Example answers from Q1: drill, tape measure

Answer:",pruners,hand tool,gardening tool,"['drill', 'tape measure']",pruners
"You are the impostor in a category game.
You will be given your category (Q2) and a few example answers from the visible category (Q1).
Give exactly one short concrete answer that fits Q2 and is as similar as possible to the Q1 example answers.
Only output the answer. Do not explain.

Q2 category: gardening tool
Example answers from Q1: pliers, wrench

Answer:",trowel,hand tool,gardening tool,"['pliers', 'wrench']",trowel
"You are the impostor in a category game.
You will be given your category (Q2) and a few example answers from the visible category (Q1).
Give exactly one short concrete answer that fits Q2 and is as similar as possible to the Q1 example answers.
Only output the answer. Do not explain.

Q2 category: gardening tool
Example answers from Q1: pliers, utility knife

Answer:",trowel,hand tool,gardening tool,"['pliers', 'utility knife']",trowel
"You are the impostor in a category game.
You will be given your category (Q2) and a few example answers from the visible category (Q1).
Give exactly one short concrete answer that fits Q2 and is as similar as possible to the Q1 example answers.
Only output the answer. Do not explain.

Q2 category: gardening tool
Example answers from Q1: saw, drill

Answer:",pruners,hand tool,gardening tool,"['saw', 'drill']",pruners
"You are the impostor in a category game.
You will be given your category (Q2) and a few example answers from the visible category (Q1).
Give exactly one short concrete answer that fits Q2 and is as similar as possible to the Q1 example answers.
Only output the answer. Do not explain.

Q2 category: gardening tool
Example answers from Q1: hammer, trowel

Answer:",trowel,hand tool,gardening tool,"['hammer', 'trowel']",trowel
"You are the impostor in a category game.
You will be given your category (Q2) and a few example answers from the visible category (Q1).
Give exactly one short concrete answer that fits Q2 and is as similar as possible to the Q1 example answers.
Only output the answer. Do not explain.

Q2 category: stinging insect
Example answers from Q1: gnat, cicada

Answer:",hornet,flying insect,stinging insect,"['gnat', 'cicada']",hornet
"You are the impostor in a category game.
You will be given your category (Q2) and a few example answers from the visible category (Q1).
Give exactly one short concrete answer that fits Q2 and is as similar as possible to the Q1 example answers.
Only output the answer. Do not explain.

Q2 category: stinging insect
Example answers from Q1: bee, cicada

Answer:",bee,flying insect,stinging insect,"['bee', 'cicada']",bee
"You are the impostor in a category game.
You will be given your category (Q2) and a few example answers from the visible category (Q1).
Give exactly one short concrete answer that fits Q2 and is as similar as possible to the Q1 example answers.
Only output the answer. Do not explain.

Q2 category: stinging insect
Example answers from Q1: mosquito, housefly

Answer:",yellow jacket,flying insect,stinging insect,"['mosquito', 'housefly']",yellow jacket
"You are the impostor in a category game.
You will be given your category (Q2) and a few example answers from the visible category (Q1).
Give exactly one short concrete answer that fits Q2 and is as similar as possible to the Q1 example answers.
Only output the answer. Do not explain.

Q2 category: stinging insect
Example answers from Q1: bee, fruit fly

Answer:",wasp,flying insect,stinging insect,"['bee', 'fruit fly']",wasp
"You are the impostor in a category game.
You will be given your category (Q2) and a few example answers from the visible category (Q1).
Give exactly one short concrete answer that fits Q2 and is as similar as possible to the Q1 example answers.
Only output the answer. Do not explain.

Q2 category: stinging insect
Example answers from Q1: yellow jacket, gnat

Answer:",mosquito,flying insect,stinging insect,"['yellow jacket', 'gnat']",mosquito
"You are the impostor in a category game.
You will be given your category (Q2) and a few example answers from the visible category (Q1).
Give exactly one short concrete answer that fits Q2 and is as similar as possible to the Q1 example answers.
Only output the answer. Do not explain.

Q2 category: african animal
Example answers from Q1: snake, panther

Answer:",cheetah,carnivore,african animal,"['snake', 'panther']",cheetah
"You are the impostor in a category game.
You will be given your category (Q2) and a few example answers from the visible category (Q1).
Give exactly one short concrete answer that fits Q2 and is as similar as possible to the Q1 example answers.
Only output the answer. Do not explain.

Q2 category: african animal
Example answers from Q1: eagle, panther

Answer:",leopard,carnivore,african animal,"['eagle', 'panther']",leopard
"You are the impostor in a category game.
You will be given your category (Q2) and a few example answers from the visible category (Q1).
Give exactly one short concrete answer that fits Q2 and is as similar as possible to the Q1 example answers.
Only output the answer. Do not explain.

Q2 category: african animal
Example answers from Q1: eagle, bear

Answer:",hyena,carnivore,african animal,"['eagle', 'bear']",hyena
"You are the impostor in a category game.
You will be given your category (Q2) and a few example answers from the visible category (Q1).
Give exactly one short concrete answer that fits Q2 and is as similar as possible to the Q1 example answers.
Only output the answer. Do not explain.

Q2 category: african animal
Example answers from Q1: shark, leopard

Answer:",leopard,carnivore,african animal,"['shark', 'leopard']",leopard
"You are the impostor in a category game.
You will be given your category (Q2) and a few example answers from the visible category (Q1).
Give exactly one short concrete answer that fits Q2 and is as similar as possible to the Q1 example answers.
Only output the answer. Do not explain.

Q2 category: african animal
Example answers from Q1: crocodile, lion

Answer:",lion,carnivore,african animal,"['crocodile', 'lion']",lion
"You are the impostor in a category game.
You will be given your category (Q2) and a few example answers from the visible category (Q1).
Give exactly one short concrete answer that fits Q2 and is as similar as possible to the Q1 example answers.
Only output the answer. Do not explain.

Q2 category: winter clothing
Example answers from Q1: sneakers, flip flops

Answer:",boots,footwear,winter clothing,"['sneakers', 'flip flops']",boots
"You are the impostor in a category game.
You will be given your category (Q2) and a few example answers from the visible category (Q1).
Give exactly one short concrete answer that fits Q2 and is as similar as possible to the Q1 example answers.
Only output the answer. Do not explain.

Q2 category: winter clothing
Example answers from Q1: sneakers, crocs

Answer:",snow boots,footwear,winter clothing,"['sneakers', 'crocs']",snow boots
"You are the impostor in a category game.
You will be given your category (Q2) and a few example answers from the visible category (Q1).
Give exactly one short concrete answer that fits Q2 and is as similar as possible to the Q1 example answers.
Only output the answer. Do not explain.

Q2 category: winter clothing
Example answers from Q1: sneakers, loafers

Answer:",boots,footwear,winter clothing,"['sneakers', 'loafers']",boots
"You are the impostor in a category game.
You will be given your category (Q2) and a few example answers from the visible category (Q1).
Give exactly one short concrete answer that fits Q2 and is as similar as possible to the Q1 example answers.
Only output the answer. Do not explain.

Q2 category: winter clothing
Example answers from Q1: snow boots, sandals

Answer:",snow boots,footwear,winter clothing,"['snow boots', 'sandals']",snow boots
"You are the impostor in a category game.
You will be given your category (Q2) and a few example answers from the visible category (Q1).
Give exactly one short concrete answer that fits Q2 and is as similar as possible to the Q1 example answers.
Only output the answer. Do not explain.

Q2 category: winter clothing
Example answers from Q1: cleats, sandals

Answer:",snow boots,footwear,winter clothing,"['cleats', 'sandals']",snow boots
"You are the impostor in a category game.
You will be given your category (Q2) and a few example answers from the visible category (Q1).
Give exactly one short concrete answer that fits Q2 and is as similar as possible to the Q1 example answers.
Only output the answer. Do not explain.

Q2 category: berry
Example answers from Q1: apple, dragon fruit

Answer:",strawberry,red fruit,berry,"['apple', 'dragon fruit']",strawberry
"You are the impostor in a category game.
You will be given your category (Q2) and a few example answers from the visible category (Q1).
Give exactly one short concrete answer that fits Q2 and is as similar as possible to the Q1 example answers.
Only output the answer. Do not explain.

Q2 category: berry
Example answers from Q1: red grape, redcurrant

Answer:",strawberry,red fruit,berry,"['red grape', 'redcurrant']",strawberry
"You are the impostor in a category game.
You will be given your category (Q2) and a few example answers from the visible category (Q1).
Give exactly one short concrete answer that fits Q2 and is as similar as possible to the Q1 example answers.
Only output the answer. Do not explain.

Q2 category: berry
Example answers from Q1: rhubarb, cherry

Answer:",cranberry,red fruit,berry,"['rhubarb', 'cherry']",cranberry
"You are the impostor in a category game.
You will be given your category (Q2) and a few example answers from the visible category (Q1).
Give exactly one short concrete answer that fits Q2 and is as similar as possible to the Q1 example answers.
Only output the answer. Do not explain.

Q2 category: berry
Example answers from Q1: guava, pomegranate

Answer:",strawberry,red fruit,berry,"['guava', 'pomegranate']",strawberry
"You are the impostor in a category game.
You will be given your category (Q2) and a few example answers from the visible category (Q1).
Give exactly one short concrete answer that fits Q2 and is as similar as possible to the Q1 example answers.
Only output the answer. Do not explain.

Q2 category: berry
Example answers from Q1: pomegranate, redcurrant

Answer:",cranberry,red fruit,berry,"['pomegranate', 'redcurrant']",cranberry
"You are the impostor in a category game.
You will be given your category (Q2) and a few example answers from the visible category (Q1).
Give exactly one short concrete answer that fits Q2 and is as similar as possible to the Q1 example answers.
Only output the answer. Do not explain.

Q2 category: card game
Example answers from Q1: mafia, scattergories

Answer:",cards against humanity,party game,card game,"['mafia', 'scattergories']",cards against humanity
"You are the impostor in a category game.
You will be given your category (Q2) and a few example answers from the visible category (Q1).
Give exactly one short concrete answer that fits Q2 and is as similar as possible to the Q1 example answers.
Only output the answer. Do not explain.

Q2 category: card game
Example answers from Q1: codenames, apples to apples

Answer:",apples to apples,party game,card game,"['codenames', 'apples to apples']",apples to apples
"You are the impostor in a category game.
You will be given your category (Q2) and a few example answers from the visible category (Q1).
Give exactly one short concrete answer that fits Q2 and is as similar as possible to the Q1 example answers.
Only output the answer. Do not explain.

Q2 category: card game
Example answers from Q1: twister, telestrations

Answer:",uno,party game,card game,"['twister', 'telestrations']",uno
"You are the impostor in a category game.
You will be given your category (Q2) and a few example answers from the visible category (Q1).
Give exactly one short concrete answer that fits Q2 and is as similar as possible to the Q1 example answers.
Only output the answer. Do not explain.

Q2 category: card game
Example answers from Q1: mafia, heads up

Answer:",uno,party game,card game,"['mafia', 'heads up']",uno
"You are the impostor in a category game.
You will be given your category (Q2) and a few example answers from the visible category (Q1).
Give exactly one short concrete answer that fits Q2 and is as similar as possible to the Q1 example answers.
Only output the answer. Do not explain.

Q2 category: card game
Example answers from Q1: werewolf, catchphrase

Answer:",apples to apples,party game,card game,"['werewolf', 'catchphrase']",apples to apples
"You are the impostor in a category game.
You will be given your category (Q2) and a few example answers from the visible category (Q1).
Give exactly one short concrete answer that fits Q2 and is as similar as possible to the Q1 example answers.
Only output the answer. Do not explain.

Q2 category: caffeinated drink
Example answers from Q1: hot chocolate, irish coffee

Answer:",latte,hot drink,caffeinated drink,"['hot chocolate', 'irish coffee']",latte
"You are the impostor in a category game.
You will be given your category (Q2) and a few example answers from the visible category (Q1).
Give exactly one short concrete answer that fits Q2 and is as similar as possible to the Q1 example answers.
Only output the answer. Do not explain.

Q2 category: caffeinated drink
Example answers from Q1: hot apple cider, chai

Answer:",espresso,hot drink,caffeinated drink,"['hot apple cider', 'chai']",espresso
"You are the impostor in a category game.
You will be given your category (Q2) and a few example answers from the visible category (Q1).
Give exactly one short concrete answer that fits Q2 and is as similar as possible to the Q1 example answers.
Only output the answer. Do not explain.

Q2 category: caffeinated drink
Example answers from Q1: latte, mulled wine

Answer:",latte,hot drink,caffeinated drink,"['latte', 'mulled wine']",latte
"You are the impostor in a category game.
You will be given your category (Q2) and a few example answers from the visible category (Q1).
Give exactly one short concrete answer that fits Q2 and is as similar as possible to the Q1 example answers.
Only output the answer. Do not explain.

Q2 category: caffeinated drink
Example answers from Q1: hot chocolate, broth

Answer:",coffee,hot drink,caffeinated drink,"['hot chocolate', 'broth']",coffee
"You are the impostor in a category game.
You will be given your category (Q2) and a few example answers from the visible category (Q1).
Give exactly one short concrete answer that fits Q2 and is as similar as possible to the Q1 example answers.
Only output the answer. Do not explain.

Q2 category: caffeinated drink
Example answers from Q1: irish coffee, mocha

Answer:",matcha,hot drink,caffeinated drink,"['irish coffee', 'mocha']",matcha
"You are the impostor in a category game.
You will be given your category (Q2) and a few example answers from the visible category (Q1).
Give exactly one short concrete answer that fits Q2 and is as similar as possible to the Q1 example answers.
Only output the answer. Do not explain.

Q2 category: wood object
Example answers from Q1: futon, ottoman

Answer:",bookshelf,furniture,wood object,"['futon', 'ottoman']",bookshelf
"You are the impostor in a category game.
You will be given your category (Q2) and a few example answers from the visible category (Q1).
Give exactly one short concrete answer that fits Q2 and is as similar as possible to the Q1 example answers.
Only output the answer. Do not explain.

Q2 category: wood object
Example answers from Q1: sofa, chair

Answer:",bookshelf,furniture,wood object,"['sofa', 'chair']",bookshelf
"You are the impostor in a category game.
You will be given your category (Q2) and a few example answers from the visible category (Q1).
Give exactly one short concrete answer that fits Q2 and is as similar as possible to the Q1 example answers.
Only output the answer. Do not explain.

Q2 category: wood object
Example answers from Q1: dresser, ottoman

Answer:",bookshelf,furniture,wood object,"['dresser', 'ottoman']",bookshelf
"You are the impostor in a category game.
You will be given your category (Q2) and a few example answers from the visible category (Q1).
Give exactly one short concrete answer that fits Q2 and is as similar as possible to the Q1 example answers.
Only output the answer. Do not explain.

Q2 category: wood object
Example answers from Q1: table, stool

Answer:",bookshelf,furniture,wood object,"['table', 'stool']",bookshelf
"You are the impostor in a category game.
You will be given your category (Q2) and a few example answers from the visible category (Q1).
Give exactly one short concrete answer that fits Q2 and is as similar as possible to the Q1 example answers.
Only output the answer. Do not explain.

Q2 category: wood object
Example answers from Q1: bed, wardrobe

Answer:",chair,furniture,wood object,"['bed', 'wardrobe']",chair
"You are the impostor in a category game.
You will be given your category (Q2) and a few example answers from the visible category (Q1).
Give exactly one short concrete answer that fits Q2 and is as similar as possible to the Q1 example answers.
Only output the answer. Do not explain.

Q2 category: pet
Example answers from Q1: iguana, python

Answer:",snake,reptile,pet,"['iguana', 'python']",snake
"You are the impostor in a category game.
You will be given your category (Q2) and a few example answers from the visible category (Q1).
Give exactly one short concrete answer that fits Q2 and is as similar as possible to the Q1 example answers.
Only output the answer. Do not explain.

Q2 category: pet
Example answers from Q1: crocodile, iguana

Answer:",turtle,reptile,pet,"['crocodile', 'iguana']",turtle
"You are the impostor in a category game.
You will be given your category (Q2) and a few example answers from the visible category (Q1).
Give exactly one short concrete answer that fits Q2 and is as similar as possible to the Q1 example answers.
Only output the answer. Do not explain.

Q2 category: pet
Example answers from Q1: turtle, skink

Answer:",snake,reptile,pet,"['turtle', 'skink']",snake
"You are the impostor in a category game.
You will be given your category (Q2) and a few example answers from the visible category (Q1).
Give exactly one short concrete answer that fits Q2 and is as similar as possible to the Q1 example answers.
Only output the answer. Do not explain.

Q2 category: pet
Example answers from Q1: viper, python

Answer:",turtle,reptile,pet,"['viper', 'python']",turtle
"You are the impostor in a category game.
You will be given your category (Q2) and a few example answers from the visible category (Q1).
Give exactly one short concrete answer that fits Q2 and is as similar as possible to the Q1 example answers.
Only output the answer. Do not explain.

Q2 category: pet
Example answers from Q1: gecko, snake

Answer:",turtle,reptile,pet,"['gecko', 'snake']",turtle
"You are the impostor in a category game.
You will be given your category (Q2) and a few example answers from the visible category (Q1).
Give exactly one short concrete answer that fits Q2 and is as similar as possible to the Q1 example answers.
Only output the answer. Do not explain.

Q2 category: baked good
Example answers from Q1: pancakes, french toast

Answer:",muffin,breakfast food,baked good,"['pancakes', 'french toast']",muffin
"You are the impostor in a category game.
You will be given your category (Q2) and a few example answers from the visible category (Q1).
Give exactly one short concrete answer that fits Q2 and is as similar as possible to the Q1 example answers.
Only output the answer. Do not explain.

Q2 category: baked good
Example answers from Q1: bacon, cereal

Answer:",croissant,breakfast food,baked good,"['bacon', 'cereal']",croissant
"You are the impostor in a category game.
You will be given your category (Q2) and a few example answers from the visible category (Q1).
Give exactly one short concrete answer that fits Q2 and is as similar as possible to the Q1 example answers.
Only output the answer. Do not explain.

Q2 category: baked good
Example answers from Q1: hash browns, bacon

Answer:",muffin,breakfast food,baked good,"['hash browns', 'bacon']",muffin
"You are the impostor in a category game.
You will be given your category (Q2) and a few example answers from the visible category (Q1).
Give exactly one short concrete answer that fits Q2 and is as similar as possible to the Q1 example answers.
Only output the answer. Do not explain.

Q2 category: baked good
Example answers from Q1: eggs, french toast

Answer:",croissant,breakfast food,baked good,"['eggs', 'french toast']",croissant
"You are the impostor in a category game.
You will be given your category (Q2) and a few example answers from the visible category (Q1).
Give exactly one short concrete answer that fits Q2 and is as similar as possible to the Q1 example answers.
Only output the answer. Do not explain.

Q2 category: baked good
Example answers from Q1: toast, yogurt

Answer:",croissant,breakfast food,baked good,"['toast', 'yogurt']",croissant
"You are the impostor in a category game.
You will be given your category (Q2) and a few example answers from the visible category (Q1).
Give exactly one short concrete answer that fits Q2 and is as similar as possible to the Q1 example answers.
Only output the answer. Do not explain.

Q2 category: jewelry material
Example answers from Q1: platinum, osmium

Answer:",silver,precious metal,jewelry material,"['platinum', 'osmium']",silver
"You are the impostor in a category game.
You will be given your category (Q2) and a few example answers from the visible category (Q1).
Give exactly one short concrete answer that fits Q2 and is as similar as possible to the Q1 example answers.
Only output the answer. Do not explain.

Q2 category: jewelry material
Example answers from Q1: steel, osmium

Answer:",silver,precious metal,jewelry material,"['steel', 'osmium']",silver
"You are the impostor in a category game.
You will be given your category (Q2) and a few example answers from the visible category (Q1).
Give exactly one short concrete answer that fits Q2 and is as similar as possible to the Q1 example answers.
Only output the answer. Do not explain.

Q2 category: jewelry material
Example answers from Q1: copper, osmium

Answer:",gold,precious metal,jewelry material,"['copper', 'osmium']",gold
"You are the impostor in a category game.
You will be given your category (Q2) and a few example answers from the visible category (Q1).
Give exactly one short concrete answer that fits Q2 and is as similar as possible to the Q1 example answers.
Only output the answer. Do not explain.

Q2 category: jewelry material
Example answers from Q1: brass, ruthenium

Answer:",platinum,precious metal,jewelry material,"['brass', 'ruthenium']",platinum
"You are the impostor in a category game.
You will be given your category (Q2) and a few example answers from the visible category (Q1).
Give exactly one short concrete answer that fits Q2 and is as similar as possible to the Q1 example answers.
Only output the answer. Do not explain.

Q2 category: jewelry material
Example answers from Q1: tungsten, bronze

Answer:",platinum,precious metal,jewelry material,"['tungsten', 'bronze']",platinum
"You are the impostor in a category game.
You will be given your category (Q2) and a few example answers from the visible category (Q1).
Give exactly one short concrete answer that fits Q2 and is as similar as possible to the Q1 example answers.
Only output the answer. Do not explain.

Q2 category: public transport
Example answers from Q1: scooter, skateboard

Answer:",train,transport with wheels,public transport,"['scooter', 'skateboard']",train
"You are the impostor in a category game.
You will be given your category (Q2) and a few example answers from the visible category (Q1).
Give exactly one short concrete answer that fits Q2 and is as similar as possible to the Q1 example answers.
Only output the answer. Do not explain.

Q2 category: public transport
Example answers from Q1: bicycle, wheelbarrow

Answer:",bus,transport with wheels,public transport,"['bicycle', 'wheelbarrow']",bus
"You are the impostor in a category game.
You will be given your category (Q2) and a few example answers from the visible category (Q1).
Give exactly one short concrete answer that fits Q2 and is as similar as possible to the Q1 example answers.
Only output the answer. Do not explain.

Q2 category: public transport
Example answers from Q1: rollerblades, car

Answer:",train,transport with wheels,public transport,"['rollerblades', 'car']",train
"You are the impostor in a category game.
You will be given your category (Q2) and a few example answers from the visible category (Q1).
Give exactly one short concrete answer that fits Q2 and is as similar as possible to the Q1 example answers.
Only output the answer. Do not explain.

Q2 category: public transport
Example answers from Q1: rollerblades, bicycle

Answer:",bus,transport with wheels,public transport,"['rollerblades', 'bicycle']",bus
"You are the impostor in a category game.
You will be given your category (Q2) and a few example answers from the visible category (Q1).
Give exactly one short concrete answer that fits Q2 and is as similar as possible to the Q1 example answers.
Only output the answer. Do not explain.

Q2 category: public transport
Example answers from Q1: bus, skateboard

Answer:",train,transport with wheels,public transport,"['bus', 'skateboard']",train
"You are the impostor in a category game.
You will be given your category (Q2) and a few example answers from the visible category (Q1).
Give exactly one short concrete answer that fits Q2 and is as similar as possible to the Q1 example answers.
Only output the answer. Do not explain.

Q2 category: dessert
Example answers from Q1: butter, bell pepper

Answer:",custard,yellow food,dessert,"['butter', 'bell pepper']",custard
"You are the impostor in a category game.
You will be given your category (Q2) and a few example answers from the visible category (Q1).
Give exactly one short concrete answer that fits Q2 and is as similar as possible to the Q1 example answers.
Only output the answer. Do not explain.

Q2 category: dessert
Example answers from Q1: corn, butter

Answer:",flan,yellow food,dessert,"['corn', 'butter']",flan
"You are the impostor in a category game.
You will be given your category (Q2) and a few example answers from the visible category (Q1).
Give exactly one short concrete answer that fits Q2 and is as similar as possible to the Q1 example answers.
Only output the answer. Do not explain.

Q2 category: dessert
Example answers from Q1: banana, pineapple

Answer:",custard,yellow food,dessert,"['banana', 'pineapple']",custard
"You are the impostor in a category game.
You will be given your category (Q2) and a few example answers from the visible category (Q1).
Give exactly one short concrete answer that fits Q2 and is as similar as possible to the Q1 example answers.
Only output the answer. Do not explain.

Q2 category: dessert
Example answers from Q1: egg yolk, corn

Answer:",custard,yellow food,dessert,"['egg yolk', 'corn']",custard
"You are the impostor in a category game.
You will be given your category (Q2) and a few example answers from the visible category (Q1).
Give exactly one short concrete answer that fits Q2 and is as similar as possible to the Q1 example answers.
Only output the answer. Do not explain.

Q2 category: dessert
Example answers from Q1: mustard, butter

Answer:",custard,yellow food,dessert,"['mustard', 'butter']",custard
"You are the impostor in a category game.
You will be given your category (Q2) and a few example answers from the visible category (Q1).
Give exactly one short concrete answer that fits Q2 and is as similar as possible to the Q1 example answers.
Only output the answer. Do not explain.

Q2 category: office supply
Example answers from Q1: printer, microphone

Answer:",scanner,computer peripheral,office supply,"['printer', 'microphone']",scanner
"You are the impostor in a category game.
You will be given your category (Q2) and a few example answers from the visible category (Q1).
Give exactly one short concrete answer that fits Q2 and is as similar as possible to the Q1 example answers.
Only output the answer. Do not explain.

Q2 category: office supply
Example answers from Q1: external hard drive, scanner

Answer:",scanner,computer peripheral,office supply,"['external hard drive', 'scanner']",scanner
"You are the impostor in a category game.
You will be given your category (Q2) and a few example answers from the visible category (Q1).
Give exactly one short concrete answer that fits Q2 and is as similar as possible to the Q1 example answers.
Only output the answer. Do not explain.

Q2 category: office supply
Example answers from Q1: printer, keyboard

Answer:",printer,computer peripheral,office supply,"['printer', 'keyboard']",printer
"You are the impostor in a category game.
You will be given your category (Q2) and a few example answers from the visible category (Q1).
Give exactly one short concrete answer that fits Q2 and is as similar as possible to the Q1 example answers.
Only output the answer. Do not explain.

Q2 category: office supply
Example answers from Q1: microphone, flash drive

Answer:",scanner,computer peripheral,office supply,"['microphone', 'flash drive']",scanner
"You are the impostor in a category game.
You will be given your category (Q2) and a few example answers from the visible category (Q1).
Give exactly one short concrete answer that fits Q2 and is as similar as possible to the Q1 example answers.
Only output the answer. Do not explain.

Q2 category: office supply
Example answers from Q1: monitor, mouse

Answer:",scanner,computer peripheral,office supply,"['monitor', 'mouse']",scanner
"You are the impostor in a category game.
You will be given your category (Q2) and a few example answers from the visible category (Q1).
Give exactly one short concrete answer that fits Q2 and is as similar as possible to the Q1 example answers.
Only output the answer. Do not explain.

Q2 category: luxury brand
Example answers from Q1: nike, puma

Answer:",gucci,clothing brand,luxury brand,"['nike', 'puma']",gucci
"You are the impostor in a category game.
You will be given your category (Q2) and a few example answers from the visible category (Q1).
Give exactly one short concrete answer that fits Q2 and is as similar as possible to the Q1 example answers.
Only output the answer. Do not explain.

Q2 category: luxury brand
Example answers from Q1: levi's, louis vuitton

Answer:",chanel,clothing brand,luxury brand,"[""levi's"", 'louis vuitton']",chanel
"You are the impostor in a category game.
You will be given your category (Q2) and a few example answers from the visible category (Q1).
Give exactly one short concrete answer that fits Q2 and is as similar as possible to the Q1 example answers.
Only output the answer. Do not explain.

Q2 category: luxury brand
Example answers from Q1: supreme, h&m

Answer:",gucci,clothing brand,luxury brand,"['supreme', 'h&m']",gucci
"You are the impostor in a category game.
You will be given your category (Q2) and a few example answers from the visible category (Q1).
Give exactly one short concrete answer that fits Q2 and is as similar as possible to the Q1 example answers.
Only output the answer. Do not explain.

Q2 category: luxury brand
Example answers from Q1: nike, h&m

Answer:",prada,clothing brand,luxury brand,"['nike', 'h&m']",prada
"You are the impostor in a category game.
You will be given your category (Q2) and a few example answers from the visible category (Q1).
Give exactly one short concrete answer that fits Q2 and is as similar as possible to the Q1 example answers.
Only output the answer. Do not explain.

Q2 category: luxury brand
Example answers from Q1: gucci, levi's

Answer:",gucci,clothing brand,luxury brand,"['gucci', ""levi's""]",gucci
"You are the impostor in a category game.
You will be given your category (Q2) and a few example answers from the visible category (Q1).
Give exactly one short concrete answer that fits Q2 and is as similar as possible to the Q1 example answers.
Only output the answer. Do not explain.

Q2 category: cheese
Example answers from Q1: quiche, munster

Answer:",brie,french food,cheese,"['quiche', 'munster']",brie
"You are the impostor in a category game.
You will be given your category (Q2) and a few example answers from the visible category (Q1).
Give exactly one short concrete answer that fits Q2 and is as similar as possible to the Q1 example answers.
Only output the answer. Do not explain.

Q2 category: cheese
Example answers from Q1: macaron, roquefort

Answer:",munster,french food,cheese,"['macaron', 'roquefort']",munster
"You are the impostor in a category game.
You will be given your category (Q2) and a few example answers from the visible category (Q1).
Give exactly one short concrete answer that fits Q2 and is as similar as possible to the Q1 example answers.
Only output the answer. Do not explain.

Q2 category: cheese
Example answers from Q1: quiche, boursin

Answer:",roquefort,french food,cheese,"['quiche', 'boursin']",roquefort
"You are the impostor in a category game.
You will be given your category (Q2) and a few example answers from the visible category (Q1).
Give exactly one short concrete answer that fits Q2 and is as similar as possible to the Q1 example answers.
Only output the answer. Do not explain.

Q2 category: cheese
Example answers from Q1: croissant, brie

Answer:",boursin,french food,cheese,"['croissant', 'brie']",boursin
"You are the impostor in a category game.
You will be given your category (Q2) and a few example answers from the visible category (Q1).
Give exactly one short concrete answer that fits Q2 and is as similar as possible to the Q1 example answers.
Only output the answer. Do not explain.

Q2 category: cheese
Example answers from Q1: bouillabaisse, escargot

Answer:",roquefort,french food,cheese,"['bouillabaisse', 'escargot']",roquefort
"You are the impostor in a category game.
You will be given your category (Q2) and a few example answers from the visible category (Q1).
Give exactly one short concrete answer that fits Q2 and is as similar as possible to the Q1 example answers.
Only output the answer. Do not explain.

Q2 category: constellation
Example answers from Q1: pollux, beowulf

Answer:",perseus,mythological hero,constellation,"['pollux', 'beowulf']",perseus
"You are the impostor in a category game.
You will be given your category (Q2) and a few example answers from the visible category (Q1).
Give exactly one short concrete answer that fits Q2 and is as similar as possible to the Q1 example answers.
Only output the answer. Do not explain.

Q2 category: constellation
Example answers from Q1: theseus, bellerophon

Answer:",hercules,mythological hero,constellation,"['theseus', 'bellerophon']",hercules
"You are the impostor in a category game.
You will be given your category (Q2) and a few example answers from the visible category (Q1).
Give exactly one short concrete answer that fits Q2 and is as similar as possible to the Q1 example answers.
Only output the answer. Do not explain.

Q2 category: constellation
Example answers from Q1: aeneas, bellerophon

Answer:",perseus,mythological hero,constellation,"['aeneas', 'bellerophon']",perseus
"You are the impostor in a category game.
You will be given your category (Q2) and a few example answers from the visible category (Q1).
Give exactly one short concrete answer that fits Q2 and is as similar as possible to the Q1 example answers.
Only output the answer. Do not explain.

Q2 category: constellation
Example answers from Q1: aeneas, odysseus

Answer:",perseus,mythological hero,constellation,"['aeneas', 'odysseus']",perseus
"You are the impostor in a category game.
You will be given your category (Q2) and a few example answers from the visible category (Q1).
Give exactly one short concrete answer that fits Q2 and is as similar as possible to the Q1 example answers.
Only output the answer. Do not explain.

Q2 category: constellation
Example answers from Q1: hector, achilles

Answer:",hercules,mythological hero,constellation,"['hector', 'achilles']",hercules
"You are the impostor in a category game.
You will be given your category (Q2) and a few example answers from the visible category (Q1).
Give exactly one short concrete answer that fits Q2 and is as similar as possible to the Q1 example answers.
Only output the answer. Do not explain.

Q2 category: farm equipment
Example answers from Q1: baler, combine

Answer:",tractor,heavy machinery,farm equipment,"['baler', 'combine']",tractor
"You are the impostor in a category game.
You will be given your category (Q2) and a few example answers from the visible category (Q1).
Give exactly one short concrete answer that fits Q2 and is as similar as possible to the Q1 example answers.
Only output the answer. Do not explain.

Q2 category: farm equipment
Example answers from Q1: bulldozer, tractor

Answer:",baler,heavy machinery,farm equipment,"['bulldozer', 'tractor']",baler
"You are the impostor in a category game.
You will be given your category (Q2) and a few example answers from the visible category (Q1).
Give exactly one short concrete answer that fits Q2 and is as similar as possible to the Q1 example answers.
Only output the answer. Do not explain.

Q2 category: farm equipment
Example answers from Q1: baler, loader

Answer:",skid steer,heavy machinery,farm equipment,"['baler', 'loader']",skid steer
"You are the impostor in a category game.
You will be given your category (Q2) and a few example answers from the visible category (Q1).
Give exactly one short concrete answer that fits Q2 and is as similar as possible to the Q1 example answers.
Only output the answer. Do not explain.

Q2 category: farm equipment
Example answers from Q1: baler, trencher

Answer:",combine,heavy machinery,farm equipment,"['baler', 'trencher']",combine
"You are the impostor in a category game.
You will be given your category (Q2) and a few example answers from the visible category (Q1).
Give exactly one short concrete answer that fits Q2 and is as similar as possible to the Q1 example answers.
Only output the answer. Do not explain.

Q2 category: farm equipment
Example answers from Q1: loader, excavator

Answer:",skid steer,heavy machinery,farm equipment,"['loader', 'excavator']",skid steer
"You are the impostor in a category game.
You will be given your category (Q2) and a few example answers from the visible category (Q1).
Give exactly one short concrete answer that fits Q2 and is as similar as possible to the Q1 example answers.
Only output the answer. Do not explain.

Q2 category: car brand
Example answers from Q1: porsche, aldi

Answer:",porsche,german brand,car brand,"['porsche', 'aldi']",porsche
"You are the impostor in a category game.
You will be given your category (Q2) and a few example answers from the visible category (Q1).
Give exactly one short concrete answer that fits Q2 and is as similar as possible to the Q1 example answers.
Only output the answer. Do not explain.

Q2 category: car brand
Example answers from Q1: aldi, bmw

Answer:",porsche,german brand,car brand,"['aldi', 'bmw']",porsche
"You are the impostor in a category game.
You will be given your category (Q2) and a few example answers from the visible category (Q1).
Give exactly one short concrete answer that fits Q2 and is as similar as possible to the Q1 example answers.
Only output the answer. Do not explain.

Q2 category: car brand
Example answers from Q1: t-mobile, siemens

Answer:",porsche,german brand,car brand,"['t-mobile', 'siemens']",porsche
"You are the impostor in a category game.
You will be given your category (Q2) and a few example answers from the visible category (Q1).
Give exactly one short concrete answer that fits Q2 and is as similar as possible to the Q1 example answers.
Only output the answer. Do not explain.

Q2 category: car brand
Example answers from Q1: sap, puma

Answer:",porsche,german brand,car brand,"['sap', 'puma']",porsche
"You are the impostor in a category game.
You will be given your category (Q2) and a few example answers from the visible category (Q1).
Give exactly one short concrete answer that fits Q2 and is as similar as possible to the Q1 example answers.
Only output the answer. Do not explain.

Q2 category: car brand
Example answers from Q1: mercedes, porsche

Answer:",bmw,german brand,car brand,"['mercedes', 'porsche']",bmw
"You are the impostor in a category game.
You will be given your category (Q2) and a few example answers from the visible category (Q1).
Give exactly one short concrete answer that fits Q2 and is as similar as possible to the Q1 example answers.
Only output the answer. Do not explain.

Q2 category: medical profession
Example answers from Q1: technician, cook

Answer:",cardiologist,hospital staff,medical profession,"['technician', 'cook']",cardiologist
"You are the impostor in a category game.
You will be given your category (Q2) and a few example answers from the visible category (Q1).
Give exactly one short concrete answer that fits Q2 and is as similar as possible to the Q1 example answers.
Only output the answer. Do not explain.

Q2 category: medical profession
Example answers from Q1: anesthesiologist, cook

Answer:",cardiologist,hospital staff,medical profession,"['anesthesiologist', 'cook']",cardiologist
"You are the impostor in a category game.
You will be given your category (Q2) and a few example answers from the visible category (Q1).
Give exactly one short concrete answer that fits Q2 and is as similar as possible to the Q1 example answers.
Only output the answer. Do not explain.

Q2 category: medical profession
Example answers from Q1: security guard, receptionist

Answer:",pediatrician,hospital staff,medical profession,"['security guard', 'receptionist']",pediatrician
"You are the impostor in a category game.
You will be given your category (Q2) and a few example answers from the visible category (Q1).
Give exactly one short concrete answer that fits Q2 and is as similar as possible to the Q1 example answers.
Only output the answer. Do not explain.

Q2 category: medical profession
Example answers from Q1: security guard, cardiologist

Answer:",surgeon,hospital staff,medical profession,"['security guard', 'cardiologist']",surgeon
"You are the impostor in a category game.
You will be given your category (Q2) and a few example answers from the visible category (Q1).
Give exactly one short concrete answer that fits Q2 and is as similar as possible to the Q1 example answers.
Only output the answer. Do not explain.

Q2 category: medical profession
Example answers from Q1: anesthesiologist, administrator

Answer:",surgeon,hospital staff,medical profession,"['anesthesiologist', 'administrator']",surgeon
"You are the impostor in a category game.
You will be given your category (Q2) and a few example answers from the visible category (Q1).
Give exactly one short concrete answer that fits Q2 and is as similar as possible to the Q1 example answers.
Only output the answer. Do not explain.

Q2 category: woodwind instrument
Example answers from Q1: banjo, washboard

Answer:",tin whistle,folk instrument,woodwind instrument,"['banjo', 'washboard']",tin whistle
"You are the impostor in a category game.
You will be given your category (Q2) and a few example answers from the visible category (Q1).
Give exactly one short concrete answer that fits Q2 and is as similar as possible to the Q1 example answers.
Only output the answer. Do not explain.

Q2 category: woodwind instrument
Example answers from Q1: tin whistle, washboard

Answer:",recorder,folk instrument,woodwind instrument,"['tin whistle', 'washboard']",recorder
"You are the impostor in a category game.
You will be given your category (Q2) and a few example answers from the visible category (Q1).
Give exactly one short concrete answer that fits Q2 and is as similar as possible to the Q1 example answers.
Only output the answer. Do not explain.

Q2 category: woodwind instrument
Example answers from Q1: ocarina, tin whistle

Answer:",recorder,folk instrument,woodwind instrument,"['ocarina', 'tin whistle']",recorder
"You are the impostor in a category game.
You will be given your category (Q2) and a few example answers from the visible category (Q1).
Give exactly one short concrete answer that fits Q2 and is as similar as possible to the Q1 example answers.
Only output the answer. Do not explain.

Q2 category: woodwind instrument
Example answers from Q1: ocarina, dulcimer

Answer:",bagpipes,folk instrument,woodwind instrument,"['ocarina', 'dulcimer']",bagpipes
"You are the impostor in a category game.
You will be given your category (Q2) and a few example answers from the visible category (Q1).
Give exactly one short concrete answer that fits Q2 and is as similar as possible to the Q1 example answers.
Only output the answer. Do not explain.

Q2 category: woodwind instrument
Example answers from Q1: acoustic guitar, recorder

Answer:",tin whistle,folk instrument,woodwind instrument,"['acoustic guitar', 'recorder']",tin whistle
"You are the impostor in a category game.
You will be given your category (Q2) and a few example answers from the visible category (Q1).
Give exactly one short concrete answer that fits Q2 and is as similar as possible to the Q1 example answers.
Only output the answer. Do not explain.

Q2 category: rain gear
Example answers from Q1: tent, compass

Answer:",waterproof pants,camping gear,rain gear,"['tent', 'compass']",waterproof pants
"You are the impostor in a category game.
You will be given your category (Q2) and a few example answers from the visible category (Q1).
Give exactly one short concrete answer that fits Q2 and is as similar as possible to the Q1 example answers.
Only output the answer. Do not explain.

Q2 category: rain gear
Example answers from Q1: compass, folding chair

Answer:",poncho,camping gear,rain gear,"['compass', 'folding chair']",poncho
"You are the impostor in a category game.
You will be given your category (Q2) and a few example answers from the visible category (Q1).
Give exactly one short concrete answer that fits Q2 and is as similar as possible to the Q1 example answers.
Only output the answer. Do not explain.

Q2 category: rain gear
Example answers from Q1: rain boots, lantern

Answer:",waterproof pants,camping gear,rain gear,"['rain boots', 'lantern']",waterproof pants
"You are the impostor in a category game.
You will be given your category (Q2) and a few example answers from the visible category (Q1).
Give exactly one short concrete answer that fits Q2 and is as similar as possible to the Q1 example answers.
Only output the answer. Do not explain.

Q2 category: rain gear
Example answers from Q1: water filter, rain boots

Answer:",waterproof jacket,camping gear,rain gear,"['water filter', 'rain boots']",waterproof jacket
"You are the impostor in a category game.
You will be given your category (Q2) and a few example answers from the visible category (Q1).
Give exactly one short concrete answer that fits Q2 and is as similar as possible to the Q1 example answers.
Only output the answer. Do not explain.

Q2 category: rain gear
Example answers from Q1: poncho, tarp

Answer:",waterproof pants,camping gear,rain gear,"['poncho', 'tarp']",waterproof pants
"You are the impostor in a category game.
You will be given your category (Q2) and a few example answers from the visible category (Q1).
Give exactly one short concrete answer that fits Q2 and is as similar as possible to the Q1 example answers.
Only output the answer. Do not explain.

Q2 category: noodle dish
Example answers from Q1: bouillabaisse, miso

Answer:",udon,soup,noodle dish,"['bouillabaisse', 'miso']",udon
"You are the impostor in a category game.
You will be given your category (Q2) and a few example answers from the visible category (Q1).
Give exactly one short concrete answer that fits Q2 and is as similar as possible to the Q1 example answers.
Only output the answer. Do not explain.

Q2 category: noodle dish
Example answers from Q1: clam chowder, butternut squash

Answer:",pho,soup,noodle dish,"['clam chowder', 'butternut squash']",pho
"You are the impostor in a category game.
You will be given your category (Q2) and a few example answers from the visible category (Q1).
Give exactly one short concrete answer that fits Q2 and is as similar as possible to the Q1 example answers.
Only output the answer. Do not explain.

Q2 category: noodle dish
Example answers from Q1: bisque, bouillabaisse

Answer:",laksa,soup,noodle dish,"['bisque', 'bouillabaisse']",laksa
"You are the impostor in a category game.
You will be given your category (Q2) and a few example answers from the visible category (Q1).
Give exactly one short concrete answer that fits Q2 and is as similar as possible to the Q1 example answers.
Only output the answer. Do not explain.

Q2 category: noodle dish
Example answers from Q1: bouillabaisse, chicken noodle

Answer:",ramen,soup,noodle dish,"['bouillabaisse', 'chicken noodle']",ramen
"You are the impostor in a category game.
You will be given your category (Q2) and a few example answers from the visible category (Q1).
Give exactly one short concrete answer that fits Q2 and is as similar as possible to the Q1 example answers.
Only output the answer. Do not explain.

Q2 category: noodle dish
Example answers from Q1: laksa, clam chowder

Answer:",laksa,soup,noodle dish,"['laksa', 'clam chowder']",laksa
"You are the impostor in a category game.
You will be given your category (Q2) and a few example answers from the visible category (Q1).
Give exactly one short concrete answer that fits Q2 and is as similar as possible to the Q1 example answers.
Only output the answer. Do not explain.

Q2 category: chemical element
Example answers from Q1: gold, brass

Answer:",gold,metal,chemical element,"['gold', 'brass']",gold
"You are the impostor in a category game.
You will be given your category (Q2) and a few example answers from the visible category (Q1).
Give exactly one short concrete answer that fits Q2 and is as similar as possible to the Q1 example answers.
Only output the answer. Do not explain.

Q2 category: chemical element
Example answers from Q1: silver, sterling silver

Answer:",gold,metal,chemical element,"['silver', 'sterling silver']",gold
"You are the impostor in a category game.
You will be given your category (Q2) and a few example answers from the visible category (Q1).
Give exactly one short concrete answer that fits Q2 and is as similar as possible to the Q1 example answers.
Only output the answer. Do not explain.

Q2 category: chemical element
Example answers from Q1: aluminum, electrum

Answer:",gold,metal,chemical element,"['aluminum', 'electrum']",gold
"You are the impostor in a category game.
You will be given your category (Q2) and a few example answers from the visible category (Q1).
Give exactly one short concrete answer that fits Q2 and is as similar as possible to the Q1 example answers.
Only output the answer. Do not explain.

Q2 category: chemical element
Example answers from Q1: electrum, iron

Answer:",silver,metal,chemical element,"['electrum', 'iron']",silver
"You are the impostor in a category game.
You will be given your category (Q2) and a few example answers from the visible category (Q1).
Give exactly one short concrete answer that fits Q2 and is as similar as possible to the Q1 example answers.
Only output the answer. Do not explain.

Q2 category: chemical element
Example answers from Q1: amalgam, aluminum

Answer:",silver,metal,chemical element,"['amalgam', 'aluminum']",silver
"You are the impostor in a category game.
You will be given your category (Q2) and a few example answers from the visible category (Q1).
Give exactly one short concrete answer that fits Q2 and is as similar as possible to the Q1 example answers.
Only output the answer. Do not explain.

Q2 category: south american country
Example answers from Q1: spain, cuba

Answer:",peru,spanish speaking country,south american country,"['spain', 'cuba']",peru
"You are the impostor in a category game.
You will be given your category (Q2) and a few example answers from the visible category (Q1).
Give exactly one short concrete answer that fits Q2 and is as similar as possible to the Q1 example answers.
Only output the answer. Do not explain.

Q2 category: south american country
Example answers from Q1: el salvador, cuba

Answer:",venezuela,spanish speaking country,south american country,"['el salvador', 'cuba']",venezuela
"You are the impostor in a category game.
You will be given your category (Q2) and a few example answers from the visible category (Q1).
Give exactly one short concrete answer that fits Q2 and is as similar as possible to the Q1 example answers.
Only output the answer. Do not explain.

Q2 category: south american country
Example answers from Q1: panama, argentina

Answer:",chile,spanish speaking country,south american country,"['panama', 'argentina']",chile
"You are the impostor in a category game.
You will be given your category (Q2) and a few example answers from the visible category (Q1).
Give exactly one short concrete answer that fits Q2 and is as similar as possible to the Q1 example answers.
Only output the answer. Do not explain.

Q2 category: south american country
Example answers from Q1: spain, el salvador

Answer:",peru,spanish speaking country,south american country,"['spain', 'el salvador']",peru
"You are the impostor in a category game.
You will be given your category (Q2) and a few example answers from the visible category (Q1).
Give exactly one short concrete answer that fits Q2 and is as similar as possible to the Q1 example answers.
Only output the answer. Do not explain.

Q2 category: south american country
Example answers from Q1: colombia, dominican republic

Answer:",argentina,spanish speaking country,south american country,"['colombia', 'dominican republic']",argentina
"You are the impostor in a category game.
You will be given your category (Q2) and a few example answers from the visible category (Q1).
Give exactly one short concrete answer that fits Q2 and is as similar as possible to the Q1 example answers.
Only output the answer. Do not explain.

Q2 category: australian animal
Example answers from Q1: stonefish, bee

Answer:",inland taipan,venomous animal,australian animal,"['stonefish', 'bee']",inland taipan
"You are the impostor in a category game.
You will be given your category (Q2) and a few example answers from the visible category (Q1).
Give exactly one short concrete answer that fits Q2 and is as similar as possible to the Q1 example answers.
Only output the answer. Do not explain.

Q2 category: australian animal
Example answers from Q1: box jellyfish, scorpion

Answer:",platypus,venomous animal,australian animal,"['box jellyfish', 'scorpion']",platypus
"You are the impostor in a category game.
You will be given your category (Q2) and a few example answers from the visible category (Q1).
Give exactly one short concrete answer that fits Q2 and is as similar as possible to the Q1 example answers.
Only output the answer. Do not explain.

Q2 category: australian animal
Example answers from Q1: scorpion, funnel-web spider

Answer:",inland taipan,venomous animal,australian animal,"['scorpion', 'funnel-web spider']",inland taipan
"You are the impostor in a category game.
You will be given your category (Q2) and a few example answers from the visible category (Q1).
Give exactly one short concrete answer that fits Q2 and is as similar as possible to the Q1 example answers.
Only output the answer. Do not explain.

Q2 category: australian animal
Example answers from Q1: brown recluse, box jellyfish

Answer:",funnel-web spider,venomous animal,australian animal,"['brown recluse', 'box jellyfish']",funnel-web spider
"You are the impostor in a category game.
You will be given your category (Q2) and a few example answers from the visible category (Q1).
Give exactly one short concrete answer that fits Q2 and is as similar as possible to the Q1 example answers.
Only output the answer. Do not explain.

Q2 category: australian animal
Example answers from Q1: funnel-web spider, stonefish

Answer:",platypus,venomous animal,australian animal,"['funnel-web spider', 'stonefish']",platypus
"You are the impostor in a category game.
You will be given your category (Q2) and a few example answers from the visible category (Q1).
Give exactly one short concrete answer that fits Q2 and is as similar as possible to the Q1 example answers.
Only output the answer. Do not explain.

Q2 category: movie theater food
Example answers from Q1: roasted almonds, sunflower seeds

Answer:",popcorn,salty snack,movie theater food,"['roasted almonds', 'sunflower seeds']",popcorn
"You are the impostor in a category game.
You will be given your category (Q2) and a few example answers from the visible category (Q1).
Give exactly one short concrete answer that fits Q2 and is as similar as possible to the Q1 example answers.
Only output the answer. Do not explain.

Q2 category: movie theater food
Example answers from Q1: beef jerky, pretzel

Answer:",pretzel,salty snack,movie theater food,"['beef jerky', 'pretzel']",pretzel
"You are the impostor in a category game.
You will be given your category (Q2) and a few example answers from the visible category (Q1).
Give exactly one short concrete answer that fits Q2 and is as similar as possible to the Q1 example answers.
Only output the answer. Do not explain.

Q2 category: movie theater food
Example answers from Q1: nachos, roasted almonds

Answer:",pretzel,salty snack,movie theater food,"['nachos', 'roasted almonds']",pretzel
"You are the impostor in a category game.
You will be given your category (Q2) and a few example answers from the visible category (Q1).
Give exactly one short concrete answer that fits Q2 and is as similar as possible to the Q1 example answers.
Only output the answer. Do not explain.

Q2 category: movie theater food
Example answers from Q1: beef jerky, pretzel

Answer:",pretzel,salty snack,movie theater food,"['beef jerky', 'pretzel']",pretzel
"You are the impostor in a category game.
You will be given your category (Q2) and a few example answers from the visible category (Q1).
Give exactly one short concrete answer that fits Q2 and is as similar as possible to the Q1 example answers.
Only output the answer. Do not explain.

Q2 category: movie theater food
Example answers from Q1: cheese puffs, popcorn

Answer:",popcorn,salty snack,movie theater food,"['cheese puffs', 'popcorn']",popcorn
"You are the impostor in a category game.
You will be given your category (Q2) and a few example answers from the visible category (Q1).
Give exactly one short concrete answer that fits Q2 and is as similar as possible to the Q1 example answers.
Only output the answer. Do not explain.

Q2 category: streaming service
Example answers from Q1: oracle, nvidia

Answer:",amazon,tech giant,streaming service,"['oracle', 'nvidia']",amazon
"You are the impostor in a category game.
You will be given your category (Q2) and a few example answers from the visible category (Q1).
Give exactly one short concrete answer that fits Q2 and is as similar as possible to the Q1 example answers.
Only output the answer. Do not explain.

Q2 category: streaming service
Example answers from Q1: twitch, google

Answer:",google,tech giant,streaming service,"['twitch', 'google']",google
"You are the impostor in a category game.
You will be given your category (Q2) and a few example answers from the visible category (Q1).
Give exactly one short concrete answer that fits Q2 and is as similar as possible to the Q1 example answers.
Only output the answer. Do not explain.

Q2 category: streaming service
Example answers from Q1: amazon, nvidia

Answer:",twitch,tech giant,streaming service,"['amazon', 'nvidia']",twitch
"You are the impostor in a category game.
You will be given your category (Q2) and a few example answers from the visible category (Q1).
Give exactly one short concrete answer that fits Q2 and is as similar as possible to the Q1 example answers.
Only output the answer. Do not explain.

Q2 category: streaming service
Example answers from Q1: google, adobe

Answer:",apple,tech giant,streaming service,"['google', 'adobe']",apple
"You are the impostor in a category game.
You will be given your category (Q2) and a few example answers from the visible category (Q1).
Give exactly one short concrete answer that fits Q2 and is as similar as possible to the Q1 example answers.
Only output the answer. Do not explain.

Q2 category: streaming service
Example answers from Q1: samsung, netflix

Answer:",amazon,tech giant,streaming service,"['samsung', 'netflix']",amazon
"You are the impostor in a category game.
You will be given your category (Q2) and a few example answers from the visible category (Q1).
Give exactly one short concrete answer that fits Q2 and is as similar as possible to the Q1 example answers.
Only output the answer. Do not explain.

Q2 category: antarctic animal
Example answers from Q1: emu, rhea

Answer:",macaroni penguin,flightless bird,antarctic animal,"['emu', 'rhea']",macaroni penguin
"You are the impostor in a category game.
You will be given your category (Q2) and a few example answers from the visible category (Q1).
Give exactly one short concrete answer that fits Q2 and is as similar as possible to the Q1 example answers.
Only output the answer. Do not explain.

Q2 category: antarctic animal
Example answers from Q1: kakapo, kiwi

Answer:",macaroni penguin,flightless bird,antarctic animal,"['kakapo', 'kiwi']",macaroni penguin
"You are the impostor in a category game.
You will be given your category (Q2) and a few example answers from the visible category (Q1).
Give exactly one short concrete answer that fits Q2 and is as similar as possible to the Q1 example answers.
Only output the answer. Do not explain.

Q2 category: antarctic animal
Example answers from Q1: macaroni penguin, galapagos cormorant

Answer:",emperor penguin,flightless bird,antarctic animal,"['macaroni penguin', 'galapagos cormorant']",emperor penguin
"You are the impostor in a category game.
You will be given your category (Q2) and a few example answers from the visible category (Q1).
Give exactly one short concrete answer that fits Q2 and is as similar as possible to the Q1 example answers.
Only output the answer. Do not explain.

Q2 category: antarctic animal
Example answers from Q1: kiwi, cassowary

Answer:",adelie penguin,flightless bird,antarctic animal,"['kiwi', 'cassowary']",adelie penguin
"You are the impostor in a category game.
You will be given your category (Q2) and a few example answers from the visible category (Q1).
Give exactly one short concrete answer that fits Q2 and is as similar as possible to the Q1 example answers.
Only output the answer. Do not explain.

Q2 category: antarctic animal
Example answers from Q1: gentoo penguin, ostrich

Answer:",adelie penguin,flightless bird,antarctic animal,"['gentoo penguin', 'ostrich']",adelie penguin
"You are the impostor in a category game.
You will be given your category (Q2) and a few example answers from the visible category (Q1).
Give exactly one short concrete answer that fits Q2 and is as similar as possible to the Q1 example answers.
Only output the answer. Do not explain.

Q2 category: craft
Example answers from Q1: math, chemistry

Answer:",art,school subject,craft,"['math', 'chemistry']",art
"You are the impostor in a category game.
You will be given your category (Q2) and a few example answers from the visible category (Q1).
Give exactly one short concrete answer that fits Q2 and is as similar as possible to the Q1 example answers.
Only output the answer. Do not explain.

Q2 category: craft
Example answers from Q1: pottery, physical education

Answer:",woodworking,school subject,craft,"['pottery', 'physical education']",woodworking
"You are the impostor in a category game.
You will be given your category (Q2) and a few example answers from the visible category (Q1).
Give exactly one short concrete answer that fits Q2 and is as similar as possible to the Q1 example answers.
Only output the answer. Do not explain.

Q2 category: craft
Example answers from Q1: geography, physical education

Answer:",sewing,school subject,craft,"['geography', 'physical education']",sewing
"You are the impostor in a category game.
You will be given your category (Q2) and a few example answers from the visible category (Q1).
Give exactly one short concrete answer that fits Q2 and is as similar as possible to the Q1 example answers.
Only output the answer. Do not explain.

Q2 category: craft
Example answers from Q1: biology, physics

Answer:",art,school subject,craft,"['biology', 'physics']",art
"You are the impostor in a category game.
You will be given your category (Q2) and a few example answers from the visible category (Q1).
Give exactly one short concrete answer that fits Q2 and is as similar as possible to the Q1 example answers.
Only output the answer. Do not explain.

Q2 category: craft
Example answers from Q1: art, math

Answer:",woodworking,school subject,craft,"['art', 'math']",woodworking
"You are the impostor in a category game.
You will be given your category (Q2) and a few example answers from the visible category (Q1).
Give exactly one short concrete answer that fits Q2 and is as similar as possible to the Q1 example answers.
Only output the answer. Do not explain.

Q2 category: succulent
Example answers from Q1: philodendron, rubber plant

Answer:",haworthia,houseplant,succulent,"['philodendron', 'rubber plant']",haworthia
"You are the impostor in a category game.
You will be given your category (Q2) and a few example answers from the visible category (Q1).
Give exactly one short concrete answer that fits Q2 and is as similar as possible to the Q1 example answers.
Only output the answer. Do not explain.

Q2 category: succulent
Example answers from Q1: rubber plant, fern

Answer:",string of pearls,houseplant,succulent,"['rubber plant', 'fern']",string of pearls
"You are the impostor in a category game.
You will be given your category (Q2) and a few example answers from the visible category (Q1).
Give exactly one short concrete answer that fits Q2 and is as similar as possible to the Q1 example answers.
Only output the answer. Do not explain.

Q2 category: succulent
Example answers from Q1: ficus, zz plant

Answer:",snake plant,houseplant,succulent,"['ficus', 'zz plant']",snake plant
"You are the impostor in a category game.
You will be given your category (Q2) and a few example answers from the visible category (Q1).
Give exactly one short concrete answer that fits Q2 and is as similar as possible to the Q1 example answers.
Only output the answer. Do not explain.

Q2 category: succulent
Example answers from Q1: philodendron, fern

Answer:",snake plant,houseplant,succulent,"['philodendron', 'fern']",snake plant
"You are the impostor in a category game.
You will be given your category (Q2) and a few example answers from the visible category (Q1).
Give exactly one short concrete answer that fits Q2 and is as similar as possible to the Q1 example answers.
Only output the answer. Do not explain.

Q2 category: succulent
Example answers from Q1: jade plant, string of pearls

Answer:",aloe vera,houseplant,succulent,"['jade plant', 'string of pearls']",aloe vera
"You are the impostor in a category game.
You will be given your category (Q2) and a few example answers from the visible category (Q1).
Give exactly one short concrete answer that fits Q2 and is as similar as possible to the Q1 example answers.
Only output the answer. Do not explain.

Q2 category: medical profession
Example answers from Q1: flight attendant, police officer

Answer:",emt,uniformed profession,medical profession,"['flight attendant', 'police officer']",emt
"You are the impostor in a category game.
You will be given your category (Q2) and a few example answers from the visible category (Q1).
Give exactly one short concrete answer that fits Q2 and is as similar as possible to the Q1 example answers.
Only output the answer. Do not explain.

Q2 category: medical profession
Example answers from Q1: police officer, soldier

Answer:",doctor,uniformed profession,medical profession,"['police officer', 'soldier']",doctor
"You are the impostor in a category game.
You will be given your category (Q2) and a few example answers from the visible category (Q1).
Give exactly one short concrete answer that fits Q2 and is as similar as possible to the Q1 example answers.
Only output the answer. Do not explain.

Q2 category: medical profession
Example answers from Q1: paramedic, pilot

Answer:",surgeon,uniformed profession,medical profession,"['paramedic', 'pilot']",surgeon
"You are the impostor in a category game.
You will be given your category (Q2) and a few example answers from the visible category (Q1).
Give exactly one short concrete answer that fits Q2 and is as similar as possible to the Q1 example answers.
Only output the answer. Do not explain.

Q2 category: medical profession
Example answers from Q1: nurse, pilot

Answer:",surgeon,uniformed profession,medical profession,"['nurse', 'pilot']",surgeon
"You are the impostor in a category game.
You will be given your category (Q2) and a few example answers from the visible category (Q1).
Give exactly one short concrete answer that fits Q2 and is as similar as possible to the Q1 example answers.
Only output the answer. Do not explain.

Q2 category: medical profession
Example answers from Q1: flight attendant, nurse

Answer:",emt,uniformed profession,medical profession,"['flight attendant', 'nurse']",emt
"You are the impostor in a category game.
You will be given your category (Q2) and a few example answers from the visible category (Q1).
Give exactly one short concrete answer that fits Q2 and is as similar as possible to the Q1 example answers.
Only output the answer. Do not explain.

Q2 category: recreational vehicle
Example answers from Q1: barge, cargo ship

Answer:",jet ski,watercraft,recreational vehicle,"['barge', 'cargo ship']",jet ski
"You are the impostor in a category game.
You will be given your category (Q2) and a few example answers from the visible category (Q1).
Give exactly one short concrete answer that fits Q2 and is as similar as possible to the Q1 example answers.
Only output the answer. Do not explain.

Q2 category: recreational vehicle
Example answers from Q1: gondola, submarine

Answer:",speedboat,watercraft,recreational vehicle,"['gondola', 'submarine']",speedboat
"You are the impostor in a category game.
You will be given your category (Q2) and a few example answers from the visible category (Q1).
Give exactly one short concrete answer that fits Q2 and is as similar as possible to the Q1 example answers.
Only output the answer. Do not explain.

Q2 category: recreational vehicle
Example answers from Q1: hovercraft, kayak

Answer:",jet ski,watercraft,recreational vehicle,"['hovercraft', 'kayak']",jet ski
"You are the impostor in a category game.
You will be given your category (Q2) and a few example answers from the visible category (Q1).
Give exactly one short concrete answer that fits Q2 and is as similar as possible to the Q1 example answers.
Only output the answer. Do not explain.

Q2 category: recreational vehicle
Example answers from Q1: aircraft carrier, tugboat

Answer:",pontoon boat,watercraft,recreational vehicle,"['aircraft carrier', 'tugboat']",pontoon boat
"You are the impostor in a category game.
You will be given your category (Q2) and a few example answers from the visible category (Q1).
Give exactly one short concrete answer that fits Q2 and is as similar as possible to the Q1 example answers.
Only output the answer. Do not explain.

Q2 category: recreational vehicle
Example answers from Q1: kayak, tugboat

Answer:",kayak,watercraft,recreational vehicle,"['kayak', 'tugboat']",kayak
"You are the impostor in a category game.
You will be given your category (Q2) and a few example answers from the visible category (Q1).
Give exactly one short concrete answer that fits Q2 and is as similar as possible to the Q1 example answers.
Only output the answer. Do not explain.

Q2 category: mineral
Example answers from Q1: creatine, potassium

Answer:",magnesium,dietary supplement,mineral,"['creatine', 'potassium']",magnesium
"You are the impostor in a category game.
You will be given your category (Q2) and a few example answers from the visible category (Q1).
Give exactly one short concrete answer that fits Q2 and is as similar as possible to the Q1 example answers.
Only output the answer. Do not explain.

Q2 category: mineral
Example answers from Q1: ashwagandha, melatonin

Answer:",calcium,dietary supplement,mineral,"['ashwagandha', 'melatonin']",calcium
"You are the impostor in a category game.
You will be given your category (Q2) and a few example answers from the visible category (Q1).
Give exactly one short concrete answer that fits Q2 and is as similar as possible to the Q1 example answers.
Only output the answer. Do not explain.

Q2 category: mineral
Example answers from Q1: ashwagandha, melatonin

Answer:",potassium,dietary supplement,mineral,"['ashwagandha', 'melatonin']",potassium
"You are the impostor in a category game.
You will be given your category (Q2) and a few example answers from the visible category (Q1).
Give exactly one short concrete answer that fits Q2 and is as similar as possible to the Q1 example answers.
Only output the answer. Do not explain.

Q2 category: mineral
Example answers from Q1: zinc, ginseng

Answer:",zinc,dietary supplement,mineral,"['zinc', 'ginseng']",zinc
"You are the impostor in a category game.
You will be given your category (Q2) and a few example answers from the visible category (Q1).
Give exactly one short concrete answer that fits Q2 and is as similar as possible to the Q1 example answers.
Only output the answer. Do not explain.

Q2 category: mineral
Example answers from Q1: ginseng, vitamin d

Answer:",iron,dietary supplement,mineral,"['ginseng', 'vitamin d']",iron
"You are the impostor in a category game.
You will be given your category (Q2) and a few example answers from the visible category (Q1).
Give exactly one short concrete answer that fits Q2 and is as similar as possible to the Q1 example answers.
Only output the answer. Do not explain.

Q2 category: salad ingredient
Example answers from Q1: gooseberry, guava

Answer:",cucumber,green fruit,salad ingredient,"['gooseberry', 'guava']",cucumber
"You are the impostor in a category game.
You will be given your category (Q2) and a few example answers from the visible category (Q1).
Give exactly one short concrete answer that fits Q2 and is as similar as possible to the Q1 example answers.
Only output the answer. Do not explain.

Q2 category: salad ingredient
Example answers from Q1: gooseberry, guava

Answer:",olive,green fruit,salad ingredient,"['gooseberry', 'guava']",olive
"You are the impostor in a category game.
You will be given your category (Q2) and a few example answers from the visible category (Q1).
Give exactly one short concrete answer that fits Q2 and is as similar as possible to the Q1 example answers.
Only output the answer. Do not explain.

Q2 category: salad ingredient
Example answers from Q1: starfruit, green grape

Answer:",cucumber,green fruit,salad ingredient,"['starfruit', 'green grape']",cucumber
"You are the impostor in a category game.
You will be given your category (Q2) and a few example answers from the visible category (Q1).
Give exactly one short concrete answer that fits Q2 and is as similar as possible to the Q1 example answers.
Only output the answer. Do not explain.

Q2 category: salad ingredient
Example answers from Q1: guava, green apple

Answer:",cucumber,green fruit,salad ingredient,"['guava', 'green apple']",cucumber
"You are the impostor in a category game.
You will be given your category (Q2) and a few example answers from the visible category (Q1).
Give exactly one short concrete answer that fits Q2 and is as similar as possible to the Q1 example answers.
Only output the answer. Do not explain.

Q2 category: salad ingredient
Example answers from Q1: green apple, pear

Answer:",cucumber,green fruit,salad ingredient,"['green apple', 'pear']",cucumber
"You are the impostor in a category game.
You will be given your category (Q2) and a few example answers from the visible category (Q1).
Give exactly one short concrete answer that fits Q2 and is as similar as possible to the Q1 example answers.
Only output the answer. Do not explain.

Q2 category: scavenger
Example answers from Q1: sparrowhawk, kite

Answer:",condor,bird of prey,scavenger,"['sparrowhawk', 'kite']",condor
"You are the impostor in a category game.
You will be given your category (Q2) and a few example answers from the visible category (Q1).
Give exactly one short concrete answer that fits Q2 and is as similar as possible to the Q1 example answers.
Only output the answer. Do not explain.

Q2 category: scavenger
Example answers from Q1: osprey, sparrowhawk

Answer:",condor,bird of prey,scavenger,"['osprey', 'sparrowhawk']",condor
"You are the impostor in a category game.
You will be given your category (Q2) and a few example answers from the visible category (Q1).
Give exactly one short concrete answer that fits Q2 and is as similar as possible to the Q1 example answers.
Only output the answer. Do not explain.

Q2 category: scavenger
Example answers from Q1: owl, falcon

Answer:",vulture,bird of prey,scavenger,"['owl', 'falcon']",vulture
"You are the impostor in a category game.
You will be given your category (Q2) and a few example answers from the visible category (Q1).
Give exactly one short concrete answer that fits Q2 and is as similar as possible to the Q1 example answers.
Only output the answer. Do not explain.

Q2 category: scavenger
Example answers from Q1: condor, eagle

Answer:",condor,bird of prey,scavenger,"['condor', 'eagle']",condor
"You are the impostor in a category game.
You will be given your category (Q2) and a few example answers from the visible category (Q1).
Give exactly one short concrete answer that fits Q2 and is as similar as possible to the Q1 example answers.
Only output the answer. Do not explain.

Q2 category: scavenger
Example answers from Q1: sparrowhawk, kite

Answer:",vulture,bird of prey,scavenger,"['sparrowhawk', 'kite']",vulture
"You are the impostor in a category game.
You will be given your category (Q2) and a few example answers from the visible category (Q1).
Give exactly one short concrete answer that fits Q2 and is as similar as possible to the Q1 example answers.
Only output the answer. Do not explain.

Q2 category: jazz instrument
Example answers from Q1: post horn, bugle

Answer:",tuba,brass instrument,jazz instrument,"['post horn', 'bugle']",tuba
"You are the impostor in a category game.
You will be given your category (Q2) and a few example answers from the visible category (Q1).
Give exactly one short concrete answer that fits Q2 and is as similar as possible to the Q1 example answers.
Only output the answer. Do not explain.

Q2 category: jazz instrument
Example answers from Q1: serpent, sousaphone

Answer:",trombone,brass instrument,jazz instrument,"['serpent', 'sousaphone']",trombone
"You are the impostor in a category game.
You will be given your category (Q2) and a few example answers from the visible category (Q1).
Give exactly one short concrete answer that fits Q2 and is as similar as possible to the Q1 example answers.
Only output the answer. Do not explain.

Q2 category: jazz instrument
Example answers from Q1: tuba, baritone horn

Answer:",trombone,brass instrument,jazz instrument,"['tuba', 'baritone horn']",trombone
"You are the impostor in a category game.
You will be given your category (Q2) and a few example answers from the visible category (Q1).
Give exactly one short concrete answer that fits Q2 and is as similar as possible to the Q1 example answers.
Only output the answer. Do not explain.

Q2 category: jazz instrument
Example answers from Q1: baritone horn, post horn

Answer:",trumpet,brass instrument,jazz instrument,"['baritone horn', 'post horn']",trumpet
"You are the impostor in a category game.
You will be given your category (Q2) and a few example answers from the visible category (Q1).
Give exactly one short concrete answer that fits Q2 and is as similar as possible to the Q1 example answers.
Only output the answer. Do not explain.

Q2 category: jazz instrument
Example answers from Q1: vuvuzela, post horn

Answer:",tuba,brass instrument,jazz instrument,"['vuvuzela', 'post horn']",tuba
"You are the impostor in a category game.
You will be given your category (Q2) and a few example answers from the visible category (Q1).
Give exactly one short concrete answer that fits Q2 and is as similar as possible to the Q1 example answers.
Only output the answer. Do not explain.

Q2 category: nato member
Example answers from Q1: italy, ireland

Answer:",italy,european country,nato member,"['italy', 'ireland']",italy
"You are the impostor in a category game.
You will be given your category (Q2) and a few example answers from the visible category (Q1).
Give exactly one short concrete answer that fits Q2 and is as similar as possible to the Q1 example answers.
Only output the answer. Do not explain.

Q2 category: nato member
Example answers from Q1: france, spain

Answer:",germany,european country,nato member,"['france', 'spain']",germany
"You are the impostor in a category game.
You will be given your category (Q2) and a few example answers from the visible category (Q1).
Give exactly one short concrete answer that fits Q2 and is as similar as possible to the Q1 example answers.
Only output the answer. Do not explain.

Q2 category: nato member
Example answers from Q1: andorra, greece

Answer:",spain,european country,nato member,"['andorra', 'greece']",spain
"You are the impostor in a category game.
You will be given your category (Q2) and a few example answers from the visible category (Q1).
Give exactly one short concrete answer that fits Q2 and is as similar as possible to the Q1 example answers.
Only output the answer. Do not explain.

Q2 category: nato member
Example answers from Q1: spain, andorra

Answer:",italy,european country,nato member,"['spain', 'andorra']",italy
"You are the impostor in a category game.
You will be given your category (Q2) and a few example answers from the visible category (Q1).
Give exactly one short concrete answer that fits Q2 and is as similar as possible to the Q1 example answers.
Only output the answer. Do not explain.

Q2 category: nato member
Example answers from Q1: greece, serbia

Answer:",germany,european country,nato member,"['greece', 'serbia']",germany
"You are the impostor in a category game.
You will be given your category (Q2) and a few example answers from the visible category (Q1).
Give exactly one short concrete answer that fits Q2 and is as similar as possible to the Q1 example answers.
Only output the answer. Do not explain.

Q2 category: home workout equipment
Example answers from Q1: yoga mat, dumbbell

Answer:",foam roller,gym equipment,home workout equipment,"['yoga mat', 'dumbbell']",foam roller
"You are the impostor in a category game.
You will be given your category (Q2) and a few example answers from the visible category (Q1).
Give exactly one short concrete answer that fits Q2 and is as similar as possible to the Q1 example answers.
Only output the answer. Do not explain.

Q2 category: home workout equipment
Example answers from Q1: rowing machine, leg press

Answer:",dumbbell,gym equipment,home workout equipment,"['rowing machine', 'leg press']",dumbbell
"You are the impostor in a category game.
You will be given your category (Q2) and a few example answers from the visible category (Q1).
Give exactly one short concrete answer that fits Q2 and is as similar as possible to the Q1 example answers.
Only output the answer. Do not explain.

Q2 category: home workout equipment
Example answers from Q1: squat rack, rowing machine

Answer:",medicine ball,gym equipment,home workout equipment,"['squat rack', 'rowing machine']",medicine ball
"You are the impostor in a category game.
You will be given your category (Q2) and a few example answers from the visible category (Q1).
Give exactly one short concrete answer that fits Q2 and is as similar as possible to the Q1 example answers.
Only output the answer. Do not explain.

Q2 category: home workout equipment
Example answers from Q1: kettlebell, medicine ball

Answer:",foam roller,gym equipment,home workout equipment,"['kettlebell', 'medicine ball']",foam roller
"You are the impostor in a category game.
You will be given your category (Q2) and a few example answers from the visible category (Q1).
Give exactly one short concrete answer that fits Q2 and is as similar as possible to the Q1 example answers.
Only output the answer. Do not explain.

Q2 category: home workout equipment
Example answers from Q1: medicine ball, rowing machine

Answer:",medicine ball,gym equipment,home workout equipment,"['medicine ball', 'rowing machine']",medicine ball
"You are the impostor in a category game.
You will be given your category (Q2) and a few example answers from the visible category (Q1).
Give exactly one short concrete answer that fits Q2 and is as similar as possible to the Q1 example answers.
Only output the answer. Do not explain.

Q2 category: smart home device
Example answers from Q1: juicer, dishwasher

Answer:",refrigerator,kitchen appliance,smart home device,"['juicer', 'dishwasher']",refrigerator
"You are the impostor in a category game.
You will be given your category (Q2) and a few example answers from the visible category (Q1).
Give exactly one short concrete answer that fits Q2 and is as similar as possible to the Q1 example answers.
Only output the answer. Do not explain.

Q2 category: smart home device
Example answers from Q1: food processor, blender

Answer:",coffee maker,kitchen appliance,smart home device,"['food processor', 'blender']",coffee maker
"You are the impostor in a category game.
You will be given your category (Q2) and a few example answers from the visible category (Q1).
Give exactly one short concrete answer that fits Q2 and is as similar as possible to the Q1 example answers.
Only output the answer. Do not explain.

Q2 category: smart home device
Example answers from Q1: oven, stand mixer

Answer:",oven,kitchen appliance,smart home device,"['oven', 'stand mixer']",oven
"You are the impostor in a category game.
You will be given your category (Q2) and a few example answers from the visible category (Q1).
Give exactly one short concrete answer that fits Q2 and is as similar as possible to the Q1 example answers.
Only output the answer. Do not explain.

Q2 category: smart home device
Example answers from Q1: refrigerator, food processor

Answer:",oven,kitchen appliance,smart home device,"['refrigerator', 'food processor']",oven
"You are the impostor in a category game.
You will be given your category (Q2) and a few example answers from the visible category (Q1).
Give exactly one short concrete answer that fits Q2 and is as similar as possible to the Q1 example answers.
Only output the answer. Do not explain.

Q2 category: smart home device
Example answers from Q1: stand mixer, electric kettle

Answer:",oven,kitchen appliance,smart home device,"['stand mixer', 'electric kettle']",oven
"You are the impostor in a category game.
You will be given your category (Q2) and a few example answers from the visible category (Q1).
Give exactly one short concrete answer that fits Q2 and is as similar as possible to the Q1 example answers.
Only output the answer. Do not explain.

Q2 category: italian food
Example answers from Q1: orzo, spaghetti

Answer:",lasagna,pasta shape,italian food,"['orzo', 'spaghetti']",lasagna
"You are the impostor in a category game.
You will be given your category (Q2) and a few example answers from the visible category (Q1).
Give exactly one short concrete answer that fits Q2 and is as similar as possible to the Q1 example answers.
Only output the answer. Do not explain.

Q2 category: italian food
Example answers from Q1: orzo, penne

Answer:",ravioli,pasta shape,italian food,"['orzo', 'penne']",ravioli
"You are the impostor in a category game.
You will be given your category (Q2) and a few example answers from the visible category (Q1).
Give exactly one short concrete answer that fits Q2 and is as similar as possible to the Q1 example answers.
Only output the answer. Do not explain.

Q2 category: italian food
Example answers from Q1: tortellini, ravioli

Answer:",ravioli,pasta shape,italian food,"['tortellini', 'ravioli']",ravioli
"You are the impostor in a category game.
You will be given your category (Q2) and a few example answers from the visible category (Q1).
Give exactly one short concrete answer that fits Q2 and is as similar as possible to the Q1 example answers.
Only output the answer. Do not explain.

Q2 category: italian food
Example answers from Q1: macaroni, orzo

Answer:",lasagna,pasta shape,italian food,"['macaroni', 'orzo']",lasagna
"You are the impostor in a category game.
You will be given your category (Q2) and a few example answers from the visible category (Q1).
Give exactly one short concrete answer that fits Q2 and is as similar as possible to the Q1 example answers.
Only output the answer. Do not explain.

Q2 category: italian food
Example answers from Q1: ziti, macaroni

Answer:",ravioli,pasta shape,italian food,"['ziti', 'macaroni']",ravioli
"You are the impostor in a category game.
You will be given your category (Q2) and a few example answers from the visible category (Q1).
Give exactly one short concrete answer that fits Q2 and is as similar as possible to the Q1 example answers.
Only output the answer. Do not explain.

Q2 category: working dog
Example answers from Q1: dachshund, corgi

Answer:",boxer,dog breed,working dog,"['dachshund', 'corgi']",boxer
"You are the impostor in a category game.
You will be given your category (Q2) and a few example answers from the visible category (Q1).
Give exactly one short concrete answer that fits Q2 and is as similar as possible to the Q1 example answers.
Only output the answer. Do not explain.

Q2 category: working dog
Example answers from Q1: dachshund, golden retriever

Answer:",husky,dog breed,working dog,"['dachshund', 'golden retriever']",husky
"You are the impostor in a category game.
You will be given your category (Q2) and a few example answers from the visible category (Q1).
Give exactly one short concrete answer that fits Q2 and is as similar as possible to the Q1 example answers.
Only output the answer. Do not explain.

Q2 category: working dog
Example answers from Q1: chihuahua, poodle

Answer:",boxer,dog breed,working dog,"['chihuahua', 'poodle']",boxer
"You are the impostor in a category game.
You will be given your category (Q2) and a few example answers from the visible category (Q1).
Give exactly one short concrete answer that fits Q2 and is as similar as possible to the Q1 example answers.
Only output the answer. Do not explain.

Q2 category: working dog
Example answers from Q1: dachshund, great dane

Answer:",rottweiler,dog breed,working dog,"['dachshund', 'great dane']",rottweiler
"You are the impostor in a category game.
You will be given your category (Q2) and a few example answers from the visible category (Q1).
Give exactly one short concrete answer that fits Q2 and is as similar as possible to the Q1 example answers.
Only output the answer. Do not explain.

Q2 category: working dog
Example answers from Q1: chihuahua, bulldog

Answer:",husky,dog breed,working dog,"['chihuahua', 'bulldog']",husky
"You are the impostor in a category game.
You will be given your category (Q2) and a few example answers from the visible category (Q1).
Give exactly one short concrete answer that fits Q2 and is as similar as possible to the Q1 example answers.
Only output the answer. Do not explain.

Q2 category: messaging app
Example answers from Q1: snapchat, twitter

Answer:",instagram,social media platform,messaging app,"['snapchat', 'twitter']",instagram
"You are the impostor in a category game.
You will be given your category (Q2) and a few example answers from the visible category (Q1).
Give exactly one short concrete answer that fits Q2 and is as similar as possible to the Q1 example answers.
Only output the answer. Do not explain.

Q2 category: messaging app
Example answers from Q1: reddit, mastodon

Answer:",snapchat,social media platform,messaging app,"['reddit', 'mastodon']",snapchat
"You are the impostor in a category game.
You will be given your category (Q2) and a few example answers from the visible category (Q1).
Give exactly one short concrete answer that fits Q2 and is as similar as possible to the Q1 example answers.
Only output the answer. Do not explain.

Q2 category: messaging app
Example answers from Q1: reddit, mastodon

Answer:",snapchat,social media platform,messaging app,"['reddit', 'mastodon']",snapchat
"You are the impostor in a category game.
You will be given your category (Q2) and a few example answers from the visible category (Q1).
Give exactly one short concrete answer that fits Q2 and is as similar as possible to the Q1 example answers.
Only output the answer. Do not explain.

Q2 category: messaging app
Example answers from Q1: facebook, tumblr

Answer:",instagram,social media platform,messaging app,"['facebook', 'tumblr']",instagram
"You are the impostor in a category game.
You will be given your category (Q2) and a few example answers from the visible category (Q1).
Give exactly one short concrete answer that fits Q2 and is as similar as possible to the Q1 example answers.
Only output the answer. Do not explain.

Q2 category: messaging app
Example answers from Q1: linkedin, snapchat

Answer:",snapchat,social media platform,messaging app,"['linkedin', 'snapchat']",snapchat
"You are the impostor in a category game.
You will be given your category (Q2) and a few example answers from the visible category (Q1).
Give exactly one short concrete answer that fits Q2 and is as similar as possible to the Q1 example answers.
Only output the answer. Do not explain.

Q2 category: game fish
Example answers from Q1: walleye, trout

Answer:",trout,freshwater fish,game fish,"['walleye', 'trout']",trout
"You are the impostor in a category game.
You will be given your category (Q2) and a few example answers from the visible category (Q1).
Give exactly one short concrete answer that fits Q2 and is as similar as possible to the Q1 example answers.
Only output the answer. Do not explain.

Q2 category: game fish
Example answers from Q1: guppy, trout

Answer:",bass,freshwater fish,game fish,"['guppy', 'trout']",bass
"You are the impostor in a category game.
You will be given your category (Q2) and a few example answers from the visible category (Q1).
Give exactly one short concrete answer that fits Q2 and is as similar as possible to the Q1 example answers.
Only output the answer. Do not explain.

Q2 category: game fish
Example answers from Q1: perch, walleye

Answer:",muskie,freshwater fish,game fish,"['perch', 'walleye']",muskie
"You are the impostor in a category game.
You will be given your category (Q2) and a few example answers from the visible category (Q1).
Give exactly one short concrete answer that fits Q2 and is as similar as possible to the Q1 example answers.
Only output the answer. Do not explain.

Q2 category: game fish
Example answers from Q1: tetra, goldfish

Answer:",muskie,freshwater fish,game fish,"['tetra', 'goldfish']",muskie
"You are the impostor in a category game.
You will be given your category (Q2) and a few example answers from the visible category (Q1).
Give exactly one short concrete answer that fits Q2 and is as similar as possible to the Q1 example answers.
Only output the answer. Do not explain.

Q2 category: game fish
Example answers from Q1: goldfish, guppy

Answer:",muskie,freshwater fish,game fish,"['goldfish', 'guppy']",muskie
"You are the impostor in a category game.
You will be given your category (Q2) and a few example answers from the visible category (Q1).
Give exactly one short concrete answer that fits Q2 and is as similar as possible to the Q1 example answers.
Only output the answer. Do not explain.

Q2 category: web technology
Example answers from Q1: c, php

Answer:",php,programming language,web technology,"['c', 'php']",php
"You are the impostor in a category game.
You will be given your category (Q2) and a few example answers from the visible category (Q1).
Give exactly one short concrete answer that fits Q2 and is as similar as possible to the Q1 example answers.
Only output the answer. Do not explain.

Q2 category: web technology
Example answers from Q1: rust, typescript

Answer:",python,programming language,web technology,"['rust', 'typescript']",python
"You are the impostor in a category game.
You will be given your category (Q2) and a few example answers from the visible category (Q1).
Give exactly one short concrete answer that fits Q2 and is as similar as possible to the Q1 example answers.
Only output the answer. Do not explain.

Q2 category: web technology
Example answers from Q1: c, swift

Answer:",php,programming language,web technology,"['c', 'swift']",php
"You are the impostor in a category game.
You will be given your category (Q2) and a few example answers from the visible category (Q1).
Give exactly one short concrete answer that fits Q2 and is as similar as possible to the Q1 example answers.
Only output the answer. Do not explain.

Q2 category: web technology
Example answers from Q1: rust, c

Answer:",javascript,programming language,web technology,"['rust', 'c']",javascript
"You are the impostor in a category game.
You will be given your category (Q2) and a few example answers from the visible category (Q1).
Give exactly one short concrete answer that fits Q2 and is as similar as possible to the Q1 example answers.
Only output the answer. Do not explain.

Q2 category: web technology
Example answers from Q1: javascript, typescript

Answer:",typescript,programming language,web technology,"['javascript', 'typescript']",typescript
"You are the impostor in a category game.
You will be given your category (Q2) and a few example answers from the visible category (Q1).
Give exactly one short concrete answer that fits Q2 and is as similar as possible to the Q1 example answers.
Only output the answer. Do not explain.

Q2 category: avenger
Example answers from Q1: flash, thor

Answer:",thor,comic book hero,avenger,"['flash', 'thor']",thor
"You are the impostor in a category game.
You will be given your category (Q2) and a few example answers from the visible category (Q1).
Give exactly one short concrete answer that fits Q2 and is as similar as possible to the Q1 example answers.
Only output the answer. Do not explain.

Q2 category: avenger
Example answers from Q1: aquaman, wonder woman

Answer:",iron man,comic book hero,avenger,"['aquaman', 'wonder woman']",iron man
"You are the impostor in a category game.
You will be given your category (Q2) and a few example answers from the visible category (Q1).
Give exactly one short concrete answer that fits Q2 and is as similar as possible to the Q1 example answers.
Only output the answer. Do not explain.

Q2 category: avenger
Example answers from Q1: spawn, green lantern

Answer:",spider-man,comic book hero,avenger,"['spawn', 'green lantern']",spider-man
"You are the impostor in a category game.
You will be given your category (Q2) and a few example answers from the visible category (Q1).
Give exactly one short concrete answer that fits Q2 and is as similar as possible to the Q1 example answers.
Only output the answer. Do not explain.

Q2 category: avenger
Example answers from Q1: aquaman, wonder woman

Answer:",iron man,comic book hero,avenger,"['aquaman', 'wonder woman']",iron man
"You are the impostor in a category game.
You will be given your category (Q2) and a few example answers from the visible category (Q1).
Give exactly one short concrete answer that fits Q2 and is as similar as possible to the Q1 example answers.
Only output the answer. Do not explain.

Q2 category: avenger
Example answers from Q1: spider-man, batman

Answer:",thor,comic book hero,avenger,"['spider-man', 'batman']",thor
"You are the impostor in a category game.
You will be given your category (Q2) and a few example answers from the visible category (Q1).
Give exactly one short concrete answer that fits Q2 and is as similar as possible to the Q1 example answers.
Only output the answer. Do not explain.

Q2 category: farm animal
Example answers from Q1: hippo, koala

Answer:",rabbit,herbivore,farm animal,"['hippo', 'koala']",rabbit
"You are the impostor in a category game.
You will be given your category (Q2) and a few example answers from the visible category (Q1).
Give exactly one short concrete answer that fits Q2 and is as similar as possible to the Q1 example answers.
Only output the answer. Do not explain.

Q2 category: farm animal
Example answers from Q1: moose, panda

Answer:",goat,herbivore,farm animal,"['moose', 'panda']",goat
"You are the impostor in a category game.
You will be given your category (Q2) and a few example answers from the visible category (Q1).
Give exactly one short concrete answer that fits Q2 and is as similar as possible to the Q1 example answers.
Only output the answer. Do not explain.

Q2 category: farm animal
Example answers from Q1: kangaroo, cow

Answer:",sheep,herbivore,farm animal,"['kangaroo', 'cow']",sheep
"You are the impostor in a category game.
You will be given your category (Q2) and a few example answers from the visible category (Q1).
Give exactly one short concrete answer that fits Q2 and is as similar as possible to the Q1 example answers.
Only output the answer. Do not explain.

Q2 category: farm animal
Example answers from Q1: deer, koala

Answer:",goat,herbivore,farm animal,"['deer', 'koala']",goat
"You are the impostor in a category game.
You will be given your category (Q2) and a few example answers from the visible category (Q1).
Give exactly one short concrete answer that fits Q2 and is as similar as possible to the Q1 example answers.
Only output the answer. Do not explain.

Q2 category: farm animal
Example answers from Q1: goat, rhino

Answer:",sheep,herbivore,farm animal,"['goat', 'rhino']",sheep
"You are the impostor in a category game.
You will be given your category (Q2) and a few example answers from the visible category (Q1).
Give exactly one short concrete answer that fits Q2 and is as similar as possible to the Q1 example answers.
Only output the answer. Do not explain.

Q2 category: sports brand
Example answers from Q1: under armour, puma

Answer:",reebok,footwear brand,sports brand,"['under armour', 'puma']",reebok
"You are the impostor in a category game.
You will be given your category (Q2) and a few example answers from the visible category (Q1).
Give exactly one short concrete answer that fits Q2 and is as similar as possible to the Q1 example answers.
Only output the answer. Do not explain.

Q2 category: sports brand
Example answers from Q1: vans, timberland

Answer:",adidas,footwear brand,sports brand,"['vans', 'timberland']",adidas
"You are the impostor in a category game.
You will be given your category (Q2) and a few example answers from the visible category (Q1).
Give exactly one short concrete answer that fits Q2 and is as similar as possible to the Q1 example answers.
Only output the answer. Do not explain.

Q2 category: sports brand
Example answers from Q1: adidas, dr martens

Answer:",adidas,footwear brand,sports brand,"['adidas', 'dr martens']",adidas
"You are the impostor in a category game.
You will be given your category (Q2) and a few example answers from the visible category (Q1).
Give exactly one short concrete answer that fits Q2 and is as similar as possible to the Q1 example answers.
Only output the answer. Do not explain.

Q2 category: sports brand
Example answers from Q1: adidas, vans

Answer:",under armour,footwear brand,sports brand,"['adidas', 'vans']",under armour
"You are the impostor in a category game.
You will be given your category (Q2) and a few example answers from the visible category (Q1).
Give exactly one short concrete answer that fits Q2 and is as similar as possible to the Q1 example answers.
Only output the answer. Do not explain.

Q2 category: sports brand
Example answers from Q1: skechers, dr martens

Answer:",nike,footwear brand,sports brand,"['skechers', 'dr martens']",nike
"You are the impostor in a category game.
You will be given your category (Q2) and a few example answers from the visible category (Q1).
Give exactly one short concrete answer that fits Q2 and is as similar as possible to the Q1 example answers.
Only output the answer. Do not explain.

Q2 category: baking ingredient
Example answers from Q1: brazil nut, tiger nut

Answer:",walnut,nut,baking ingredient,"['brazil nut', 'tiger nut']",walnut
"You are the impostor in a category game.
You will be given your category (Q2) and a few example answers from the visible category (Q1).
Give exactly one short concrete answer that fits Q2 and is as similar as possible to the Q1 example answers.
Only output the answer. Do not explain.

Q2 category: baking ingredient
Example answers from Q1: almond, cashew

Answer:",pecan,nut,baking ingredient,"['almond', 'cashew']",pecan
"You are the impostor in a category game.
You will be given your category (Q2) and a few example answers from the visible category (Q1).
Give exactly one short concrete answer that fits Q2 and is as similar as possible to the Q1 example answers.
Only output the answer. Do not explain.

Q2 category: baking ingredient
Example answers from Q1: walnut, hickory nut

Answer:",pecan,nut,baking ingredient,"['walnut', 'hickory nut']",pecan
"You are the impostor in a category game.
You will be given your category (Q2) and a few example answers from the visible category (Q1).
Give exactly one short concrete answer that fits Q2 and is as similar as possible to the Q1 example answers.
Only output the answer. Do not explain.

Q2 category: baking ingredient
Example answers from Q1: almond, acorn

Answer:",walnut,nut,baking ingredient,"['almond', 'acorn']",walnut
"You are the impostor in a category game.
You will be given your category (Q2) and a few example answers from the visible category (Q1).
Give exactly one short concrete answer that fits Q2 and is as similar as possible to the Q1 example answers.
Only output the answer. Do not explain.

Q2 category: baking ingredient
Example answers from Q1: cashew, butternut

Answer:",almond,nut,baking ingredient,"['cashew', 'butternut']",almond
"You are the impostor in a category game.
You will be given your category (Q2) and a few example answers from the visible category (Q1).
Give exactly one short concrete answer that fits Q2 and is as similar as possible to the Q1 example answers.
Only output the answer. Do not explain.

Q2 category: olympic sport
Example answers from Q1: judo, muay thai

Answer:",judo,martial art,olympic sport,"['judo', 'muay thai']",judo
"You are the impostor in a category game.
You will be given your category (Q2) and a few example answers from the visible category (Q1).
Give exactly one short concrete answer that fits Q2 and is as similar as possible to the Q1 example answers.
Only output the answer. Do not explain.

Q2 category: olympic sport
Example answers from Q1: jiu jitsu, taekwondo

Answer:",judo,martial art,olympic sport,"['jiu jitsu', 'taekwondo']",judo
"You are the impostor in a category game.
You will be given your category (Q2) and a few example answers from the visible category (Q1).
Give exactly one short concrete answer that fits Q2 and is as similar as possible to the Q1 example answers.
Only output the answer. Do not explain.

Q2 category: olympic sport
Example answers from Q1: tai chi, sambo

Answer:",wrestling,martial art,olympic sport,"['tai chi', 'sambo']",wrestling
"You are the impostor in a category game.
You will be given your category (Q2) and a few example answers from the visible category (Q1).
Give exactly one short concrete answer that fits Q2 and is as similar as possible to the Q1 example answers.
Only output the answer. Do not explain.

Q2 category: olympic sport
Example answers from Q1: muay thai, wing chun

Answer:",boxing,martial art,olympic sport,"['muay thai', 'wing chun']",boxing
"You are the impostor in a category game.
You will be given your category (Q2) and a few example answers from the visible category (Q1).
Give exactly one short concrete answer that fits Q2 and is as similar as possible to the Q1 example answers.
Only output the answer. Do not explain.

Q2 category: olympic sport
Example answers from Q1: sambo, taekwondo

Answer:",taekwondo,martial art,olympic sport,"['sambo', 'taekwondo']",taekwondo
"You are the impostor in a category game.
You will be given your category (Q2) and a few example answers from the visible category (Q1).
Give exactly one short concrete answer that fits Q2 and is as similar as possible to the Q1 example answers.
Only output the answer. Do not explain.

Q2 category: google product
Example answers from Q1: spotify, gmail

Answer:",chrome,software application,google product,"['spotify', 'gmail']",chrome
"You are the impostor in a category game.
You will be given your category (Q2) and a few example answers from the visible category (Q1).
Give exactly one short concrete answer that fits Q2 and is as similar as possible to the Q1 example answers.
Only output the answer. Do not explain.

Q2 category: google product
Example answers from Q1: slack, autocad

Answer:",chrome,software application,google product,"['slack', 'autocad']",chrome
"You are the impostor in a category game.
You will be given your category (Q2) and a few example answers from the visible category (Q1).
Give exactly one short concrete answer that fits Q2 and is as similar as possible to the Q1 example answers.
Only output the answer. Do not explain.

Q2 category: google product
Example answers from Q1: chrome, unity

Answer:",google maps,software application,google product,"['chrome', 'unity']",google maps
"You are the impostor in a category game.
You will be given your category (Q2) and a few example answers from the visible category (Q1).
Give exactly one short concrete answer that fits Q2 and is as similar as possible to the Q1 example answers.
Only output the answer. Do not explain.

Q2 category: google product
Example answers from Q1: visual studio, youtube

Answer:",gmail,software application,google product,"['visual studio', 'youtube']",gmail
"You are the impostor in a category game.
You will be given your category (Q2) and a few example answers from the visible category (Q1).
Give exactly one short concrete answer that fits Q2 and is as similar as possible to the Q1 example answers.
Only output the answer. Do not explain.

Q2 category: google product
Example answers from Q1: autocad, google drive

Answer:",chrome,software application,google product,"['autocad', 'google drive']",chrome
"You are the impostor in a category game.
You will be given your category (Q2) and a few example answers from the visible category (Q1).
Give exactly one short concrete answer that fits Q2 and is as similar as possible to the Q1 example answers.
Only output the answer. Do not explain.

Q2 category: sandwich ingredient
Example answers from Q1: salsa, mayo

Answer:",relish,condiment,sandwich ingredient,"['salsa', 'mayo']",relish
"You are the impostor in a category game.
You will be given your category (Q2) and a few example answers from the visible category (Q1).
Give exactly one short concrete answer that fits Q2 and is as similar as possible to the Q1 example answers.
Only output the answer. Do not explain.

Q2 category: sandwich ingredient
Example answers from Q1: sriracha, hoisin

Answer:",mustard,condiment,sandwich ingredient,"['sriracha', 'hoisin']",mustard
"You are the impostor in a category game.
You will be given your category (Q2) and a few example answers from the visible category (Q1).
Give exactly one short concrete answer that fits Q2 and is as similar as possible to the Q1 example answers.
Only output the answer. Do not explain.

Q2 category: sandwich ingredient
Example answers from Q1: ketchup, sriracha

Answer:",hot sauce,condiment,sandwich ingredient,"['ketchup', 'sriracha']",hot sauce
"You are the impostor in a category game.
You will be given your category (Q2) and a few example answers from the visible category (Q1).
Give exactly one short concrete answer that fits Q2 and is as similar as possible to the Q1 example answers.
Only output the answer. Do not explain.

Q2 category: sandwich ingredient
Example answers from Q1: bbq sauce, tartar sauce

Answer:",mayo,condiment,sandwich ingredient,"['bbq sauce', 'tartar sauce']",mayo
"You are the impostor in a category game.
You will be given your category (Q2) and a few example answers from the visible category (Q1).
Give exactly one short concrete answer that fits Q2 and is as similar as possible to the Q1 example answers.
Only output the answer. Do not explain.

Q2 category: sandwich ingredient
Example answers from Q1: ketchup, hoisin

Answer:",relish,condiment,sandwich ingredient,"['ketchup', 'hoisin']",relish
"You are the impostor in a category game.
You will be given your category (Q2) and a few example answers from the visible category (Q1).
Give exactly one short concrete answer that fits Q2 and is as similar as possible to the Q1 example answers.
Only output the answer. Do not explain.

Q2 category: swamp animal
Example answers from Q1: hellbender, axolotl

Answer:",salamander,amphibian,swamp animal,"['hellbender', 'axolotl']",salamander
"You are the impostor in a category game.
You will be given your category (Q2) and a few example answers from the visible category (Q1).
Give exactly one short concrete answer that fits Q2 and is as similar as possible to the Q1 example answers.
Only output the answer. Do not explain.

Q2 category: swamp animal
Example answers from Q1: bullfrog, siren

Answer:",frog,amphibian,swamp animal,"['bullfrog', 'siren']",frog
"You are the impostor in a category game.
You will be given your category (Q2) and a few example answers from the visible category (Q1).
Give exactly one short concrete answer that fits Q2 and is as similar as possible to the Q1 example answers.
Only output the answer. Do not explain.

Q2 category: swamp animal
Example answers from Q1: newt, poison dart frog

Answer:",toad,amphibian,swamp animal,"['newt', 'poison dart frog']",toad
"You are the impostor in a category game.
You will be given your category (Q2) and a few example answers from the visible category (Q1).
Give exactly one short concrete answer that fits Q2 and is as similar as possible to the Q1 example answers.
Only output the answer. Do not explain.

Q2 category: swamp animal
Example answers from Q1: salamander, hellbender

Answer:",salamander,amphibian,swamp animal,"['salamander', 'hellbender']",salamander
"You are the impostor in a category game.
You will be given your category (Q2) and a few example answers from the visible category (Q1).
Give exactly one short concrete answer that fits Q2 and is as similar as possible to the Q1 example answers.
Only output the answer. Do not explain.

Q2 category: swamp animal
Example answers from Q1: salamander, tree frog

Answer:",toad,amphibian,swamp animal,"['salamander', 'tree frog']",toad
"You are the impostor in a category game.
You will be given your category (Q2) and a few example answers from the visible category (Q1).
Give exactly one short concrete answer that fits Q2 and is as similar as possible to the Q1 example answers.
Only output the answer. Do not explain.

Q2 category: color
Example answers from Q1: topaz, diamond

Answer:",turquoise,gemstone,color,"['topaz', 'diamond']",turquoise
"You are the impostor in a category game.
You will be given your category (Q2) and a few example answers from the visible category (Q1).
Give exactly one short concrete answer that fits Q2 and is as similar as possible to the Q1 example answers.
Only output the answer. Do not explain.

Q2 category: color
Example answers from Q1: turquoise, opal

Answer:",turquoise,gemstone,color,"['turquoise', 'opal']",turquoise
"You are the impostor in a category game.
You will be given your category (Q2) and a few example answers from the visible category (Q1).
Give exactly one short concrete answer that fits Q2 and is as similar as possible to the Q1 example answers.
Only output the answer. Do not explain.

Q2 category: color
Example answers from Q1: ruby, moonstone

Answer:",ruby,gemstone,color,"['ruby', 'moonstone']",ruby
"You are the impostor in a category game.
You will be given your category (Q2) and a few example answers from the visible category (Q1).
Give exactly one short concrete answer that fits Q2 and is as similar as possible to the Q1 example answers.
Only output the answer. Do not explain.

Q2 category: color
Example answers from Q1: amethyst, opal

Answer:",emerald,gemstone,color,"['amethyst', 'opal']",emerald
"You are the impostor in a category game.
You will be given your category (Q2) and a few example answers from the visible category (Q1).
Give exactly one short concrete answer that fits Q2 and is as similar as possible to the Q1 example answers.
Only output the answer. Do not explain.

Q2 category: color
Example answers from Q1: opal, jade

Answer:",turquoise,gemstone,color,"['opal', 'jade']",turquoise
